Time,X,Y,Z,RotX,RotY,RotZ,Speed,YawRate,PitchRate,Event,GazeTarget,GazeHitX,GazeHitY,GazeHitZ
0.00,-10.70,5.71,-67.52,0.0,0.0,0.0,0.00,0.00,0.00,None,None,0.00,0.00,0.00
0.12,-10.70,5.70,-67.52,0.0,0.0,0.0,0.10,0.00,0.00,None,None,-10.70,5.70,-47.52
0.22,-10.70,5.37,-67.52,0.0,0.0,0.0,3.33,0.00,0.00,None,None,-10.70,5.37,-47.52
0.31,-10.70,5.00,-67.52,0.0,0.0,0.0,4.05,0.00,0.00,None,None,-10.70,5.00,-47.52
0.41,-10.70,4.61,-67.52,0.0,0.0,0.0,3.88,0.00,0.00,None,None,-10.70,4.61,-47.52
0.51,-10.70,4.15,-67.52,0.0,0.0,0.0,4.80,0.00,0.00,None,None,-10.70,4.15,-47.52
0.61,-10.70,3.54,-67.52,0.0,0.0,0.0,5.81,0.00,0.00,None,None,-10.70,3.54,-47.52
0.71,-10.70,2.89,-67.52,0.0,0.0,0.0,6.72,0.00,0.00,None,None,-10.70,2.89,-47.52
0.81,-10.70,2.14,-67.52,0.0,0.0,0.0,7.67,0.00,0.00,None,None,-10.70,2.14,-47.52
0.90,-10.70,1.94,-67.52,0.0,0.0,0.0,2.07,0.00,0.00,None,None,-10.70,1.94,-47.52
1.00,-10.70,1.94,-67.52,0.0,0.0,0.0,0.00,0.00,0.00,None,None,-10.70,1.94,-47.52
1.10,-10.70,1.94,-67.52,0.0,0.0,0.0,0.00,0.00,0.00,None,None,-10.70,1.94,-47.52
1.20,-10.70,1.94,-67.52,0.0,0.0,0.0,0.00,0.00,0.00,None,None,-10.70,1.94,-47.52
1.30,-10.70,1.94,-67.52,0.0,0.0,0.0,0.00,0.00,0.00,None,None,-10.70,1.94,-47.52
1.40,-10.70,1.94,-67.52,0.0,0.0,0.0,0.00,0.00,0.00,None,None,-10.70,1.94,-47.52
1.50,-10.70,1.94,-67.52,0.0,0.0,0.0,0.00,0.00,0.00,None,None,-10.70,1.94,-47.52
1.60,-10.70,1.94,-67.52,0.0,0.0,0.0,0.00,0.00,0.00,None,None,-10.70,1.94,-47.52
1.70,-10.70,1.94,-67.52,0.0,0.0,0.0,0.00,0.00,0.00,None,None,-10.70,1.94,-47.52
1.80,-10.70,1.94,-67.52,0.0,0.0,0.0,0.00,0.00,0.00,None,None,-10.70,1.94,-47.52
1.90,-10.70,1.94,-67.52,0.0,0.0,0.0,0.00,0.00,0.00,None,None,-10.70,1.94,-47.52
2.00,-10.70,1.94,-67.52,0.0,0.0,0.0,0.00,0.00,0.00,None,None,-10.70,1.94,-47.52
2.10,-10.70,1.94,-67.52,0.0,0.0,0.0,0.00,0.00,0.00,None,None,-10.70,1.94,-47.52
2.20,-10.70,1.94,-67.52,0.0,0.0,0.0,0.00,0.00,0.00,None,None,-10.70,1.94,-47.52
2.30,-10.70,1.94,-67.52,0.0,0.0,0.0,0.00,0.00,0.00,None,None,-10.70,1.94,-47.52
2.40,-10.70,1.94,-67.52,0.0,0.0,0.0,0.00,0.00,0.00,None,None,-10.70,1.94,-47.52
2.51,-10.70,1.94,-67.48,0.0,0.0,0.0,0.35,0.00,0.00,None,None,-10.70,1.94,-47.48
2.60,-10.70,1.94,-67.38,0.0,0.0,0.0,1.09,0.00,0.00,None,None,-10.70,1.94,-47.38
2.71,-10.70,1.94,-67.28,0.0,0.0,0.0,0.95,0.00,0.00,None,None,-10.70,1.94,-47.28
2.80,-10.70,1.94,-67.19,0.0,0.0,0.0,1.00,0.00,0.00,None,None,-10.70,1.94,-47.19
2.90,-10.70,1.94,-67.09,0.0,0.0,0.0,1.00,0.00,0.00,None,None,-10.70,1.94,-47.09
3.00,-10.70,1.94,-66.98,0.0,0.0,0.0,1.05,0.00,0.00,None,None,-10.70,1.94,-46.98
3.11,-10.70,1.94,-66.88,0.0,0.0,0.0,0.94,0.00,0.00,None,None,-10.70,1.94,-46.88
3.21,-10.70,1.94,-66.78,0.0,0.0,0.0,1.01,0.00,0.00,None,None,-10.70,1.94,-46.78
3.30,-10.70,1.94,-66.68,0.0,0.0,0.0,1.06,0.00,0.00,None,None,-10.70,1.94,-46.68
3.40,-10.70,1.94,-66.58,0.0,0.0,0.0,1.00,0.00,0.00,None,None,-10.70,1.94,-46.58
3.51,-10.70,1.94,-66.48,0.0,0.0,0.0,0.93,0.00,0.00,None,None,-10.70,1.94,-46.48
3.60,-10.70,1.94,-66.39,0.0,0.0,0.0,1.04,0.00,0.00,None,None,-10.70,1.94,-46.39
3.71,-10.70,1.94,-66.28,0.0,0.0,0.0,0.97,0.00,0.00,None,None,-10.70,1.94,-46.28
3.81,-10.70,1.94,-66.18,0.0,0.0,0.0,1.00,0.00,0.00,None,None,-10.70,1.94,-46.18
3.90,-10.70,1.94,-66.08,0.0,0.0,0.0,1.04,0.00,0.00,None,None,-10.70,1.94,-46.08
4.00,-10.70,1.94,-65.99,0.0,0.0,0.0,0.96,0.00,0.00,None,None,-10.70,1.94,-45.99
4.10,-10.70,1.94,-65.88,0.0,0.0,0.0,1.05,0.00,0.00,None,None,-10.70,1.94,-45.88
4.20,-10.70,1.94,-65.79,0.0,0.0,0.0,0.95,0.00,0.00,None,None,-10.70,1.94,-45.79
4.30,-10.70,1.94,-65.70,0.0,0.0,0.0,0.92,0.00,0.00,None,None,-10.70,1.94,-45.70
4.41,-10.70,1.94,-65.59,0.0,0.0,0.0,1.02,0.00,0.00,None,None,-10.70,1.94,-45.59
4.51,-10.70,1.94,-65.48,0.0,0.0,0.0,1.03,0.00,0.00,None,None,-10.70,1.94,-45.48
4.61,-10.70,1.94,-65.39,0.0,0.0,0.0,0.98,0.00,0.00,None,None,-10.70,1.94,-45.39
4.71,-10.70,1.94,-65.28,0.0,0.0,0.0,0.99,0.00,0.00,None,None,-10.70,1.94,-45.28
4.81,-10.70,1.94,-65.19,0.0,0.0,0.0,1.00,0.00,0.00,None,None,-10.70,1.94,-45.19
4.90,-10.70,1.94,-65.09,0.0,0.0,0.0,1.01,0.00,0.00,None,None,-10.70,1.94,-45.09
5.01,-10.70,1.94,-64.98,0.0,0.0,0.0,1.02,0.00,0.00,None,None,-10.70,1.94,-44.98
5.10,-10.70,1.94,-64.88,0.0,0.0,0.0,1.07,0.00,0.00,None,None,-10.70,1.94,-44.88
5.21,-10.70,1.94,-64.78,0.0,0.0,0.0,0.91,0.00,0.00,None,None,-10.70,1.94,-44.78
5.31,-10.70,1.94,-64.69,0.0,0.0,0.0,0.99,0.00,0.00,None,None,-10.70,1.94,-44.69
5.41,-10.70,1.94,-64.59,0.0,0.0,0.0,0.98,0.00,0.00,None,None,-10.70,1.94,-44.59
5.50,-10.70,1.94,-64.49,0.0,0.0,0.0,1.00,0.00,0.00,None,None,-10.70,1.94,-44.49
5.61,-10.70,1.94,-64.38,0.0,0.0,0.0,1.02,0.00,0.00,None,None,-10.70,1.94,-44.38
5.71,-10.70,1.94,-64.29,0.0,0.0,0.0,1.00,0.00,0.00,None,None,-10.70,1.94,-44.29
5.80,-10.70,1.94,-64.20,0.0,0.0,0.0,0.95,0.00,0.00,None,None,-10.70,1.94,-44.20
5.91,-10.70,1.94,-64.08,0.0,0.0,0.0,1.03,0.00,0.00,None,None,-10.70,1.94,-44.08
6.01,-10.70,1.94,-63.98,0.0,0.0,0.0,0.99,0.00,0.00,None,None,-10.70,1.94,-43.98
6.12,-10.70,1.94,-63.89,0.0,0.0,0.0,0.94,0.00,0.00,None,None,-10.70,1.94,-43.89
6.20,-10.70,1.94,-63.79,0.0,0.0,0.0,1.14,0.00,0.00,None,None,-10.70,1.94,-43.79
6.30,-10.70,1.94,-63.68,0.0,0.0,0.0,1.05,0.00,0.00,None,None,-10.70,1.94,-43.68
6.40,-10.70,1.94,-63.59,0.0,0.0,0.0,0.95,0.00,0.00,None,None,-10.70,1.94,-43.59
6.50,-10.70,1.94,-63.48,0.0,0.0,0.0,1.05,0.00,0.00,None,None,-10.70,1.94,-43.48
6.61,-10.70,1.94,-63.38,0.0,0.0,0.0,0.94,0.00,0.00,None,None,-10.70,1.94,-43.38
6.70,-10.70,1.94,-63.28,0.0,0.0,0.0,1.06,0.00,0.00,None,None,-10.70,1.94,-43.28
6.81,-10.70,1.94,-63.18,0.0,0.0,0.0,0.94,0.00,0.00,None,None,-10.70,1.94,-43.18
6.90,-10.70,1.94,-63.08,0.0,0.0,0.0,1.06,0.00,0.00,None,None,-10.70,1.94,-43.08
7.00,-10.70,1.94,-62.99,0.0,0.0,0.0,0.94,0.00,0.00,None,None,-10.70,1.94,-42.99
7.10,-10.70,1.94,-62.88,0.0,0.0,0.0,1.04,0.00,0.00,None,None,-10.70,1.94,-42.88
7.21,-10.70,1.94,-62.78,0.0,0.0,0.0,0.96,0.00,0.00,None,None,-10.70,1.94,-42.78
7.30,-10.70,1.94,-62.69,0.0,0.0,0.0,1.06,0.00,0.00,None,None,-10.70,1.94,-42.69
7.40,-10.70,1.94,-62.59,0.0,0.0,0.0,0.96,0.00,0.00,None,None,-10.70,1.94,-42.59
7.50,-10.70,1.94,-62.49,0.0,0.0,0.0,1.03,0.00,0.00,None,None,-10.70,1.94,-42.49
7.60,-10.70,1.94,-62.39,0.0,0.0,0.0,0.97,0.00,0.00,None,None,-10.70,1.94,-42.39
7.70,-10.70,1.94,-62.28,0.0,0.0,0.0,1.05,0.00,0.00,None,None,-10.70,1.94,-42.28
7.81,-10.70,1.94,-62.18,0.0,0.0,0.0,0.93,0.00,0.00,None,None,-10.70,1.94,-42.18
7.90,-10.70,1.94,-62.08,0.0,0.0,0.0,1.07,0.00,0.00,None,None,-10.70,1.94,-42.08
8.00,-10.70,1.94,-61.99,0.0,0.0,0.0,0.95,0.00,0.00,None,None,-10.70,1.94,-41.99
8.11,-10.70,1.94,-61.88,0.0,0.0,0.0,0.99,0.00,0.00,None,None,-10.70,1.94,-41.88
8.20,-10.70,1.94,-61.79,0.0,0.0,0.0,1.02,0.00,0.00,None,None,-10.70,1.94,-41.79
8.31,-10.70,1.94,-61.68,0.0,0.0,0.0,1.00,0.00,0.00,None,None,-10.70,1.94,-41.68
8.40,-10.70,1.94,-61.58,0.0,0.0,0.0,1.03,0.00,0.00,None,None,-10.70,1.94,-41.58
8.51,-10.70,1.94,-61.48,0.0,0.0,0.0,0.97,0.00,0.00,None,None,-10.70,1.94,-41.48
8.60,-10.70,1.94,-61.39,0.0,0.0,0.0,1.00,0.00,0.00,None,None,-10.70,1.94,-41.39
8.71,-10.70,1.94,-61.28,0.0,0.0,0.0,0.97,0.00,0.00,None,None,-10.70,1.94,-41.28
8.80,-10.70,1.94,-61.18,0.0,0.0,0.0,1.09,0.00,0.00,None,None,-10.70,1.94,-41.18
8.91,-10.70,1.94,-61.08,0.0,0.0,0.0,0.94,0.00,0.00,None,None,-10.70,1.94,-41.08
9.01,-10.70,1.94,-60.98,0.0,0.0,0.0,1.02,0.00,0.00,None,None,-10.70,1.94,-40.98
9.10,-10.70,1.94,-60.89,0.0,0.0,0.0,0.98,0.00,0.00,None,None,-10.70,1.94,-40.89
9.20,-10.70,1.94,-60.79,0.0,0.0,0.0,0.99,0.00,0.00,None,None,-10.70,1.94,-40.79
9.31,-10.70,1.94,-60.68,0.0,0.0,0.0,1.01,0.00,0.00,None,None,-10.70,1.94,-40.68
9.40,-10.70,1.94,-60.59,0.0,0.0,0.0,1.00,0.00,0.00,None,None,-10.70,1.94,-40.59
9.51,-10.70,1.94,-60.48,0.0,0.0,0.0,0.96,0.00,0.00,None,None,-10.70,1.94,-40.48
9.61,-10.70,1.94,-60.38,0.0,0.0,0.0,1.05,0.00,0.00,None,None,-10.70,1.94,-40.38
9.70,-10.70,1.94,-60.29,0.0,0.0,0.0,0.99,0.00,0.00,None,None,-10.70,1.94,-40.29
9.81,-10.70,1.94,-60.18,0.0,0.0,0.0,0.98,0.00,0.00,None,None,-10.70,1.94,-40.18
9.90,-10.70,1.94,-60.09,0.0,0.0,0.0,1.02,0.00,0.00,None,None,-10.70,1.94,-40.09
10.01,-10.70,1.94,-59.99,0.0,0.0,0.0,0.99,0.00,0.00,None,None,-10.70,1.94,-39.99
10.10,-10.70,1.94,-59.89,0.0,0.0,0.0,1.02,0.00,0.00,None,None,-10.70,1.94,-39.89
10.20,-10.70,1.94,-59.79,0.0,0.0,0.0,0.97,0.00,0.00,None,None,-10.70,1.94,-39.79
10.30,-10.70,1.94,-59.69,359.2,357.2,0.0,1.00,-28.81,-8.23,None,None,-11.68,2.22,-39.72
10.41,-10.72,1.94,-59.58,357.4,347.2,0.0,1.00,-89.95,-16.19,None,S_GreenLight_011,-14.52,2.72,-42.84
10.50,-10.74,1.94,-59.50,356.4,341.0,0.0,0.99,-66.31,-10.70,None,None,-17.24,3.20,-40.62
10.62,-10.78,1.94,-59.40,355.6,333.0,0.0,0.95,-69.50,-6.95,None,None,-19.39,3.48,-41.43
10.71,-10.83,1.94,-59.31,355.0,322.8,0.0,1.10,-118.53,-6.97,None,None,-22.88,3.69,-43.44
10.80,-10.89,1.94,-59.24,354.8,314.6,0.0,1.00,-86.66,-2.11,None,None,-25.07,3.75,-45.26
10.91,-10.97,1.94,-59.17,354.6,312.8,0.0,1.01,-16.43,-1.83,None,None,-25.58,3.82,-45.64
11.01,-11.05,1.94,-59.10,354.6,312.4,0.0,1.01,-4.08,0.00,None,None,-25.75,3.82,-45.67
11.11,-11.12,1.94,-59.03,354.4,316.0,0.0,0.96,34.05,-1.89,None,None,-24.95,3.89,-44.71
11.20,-11.18,1.94,-58.96,353.8,319.0,0.0,1.09,33.81,-6.76,None,None,-24.23,4.10,-43.95
11.31,-11.25,1.94,-58.88,353.4,320.0,0.0,0.95,9.77,-3.91,None,None,-24.02,4.24,-43.66
11.40,-11.31,1.94,-58.81,353.4,320.0,0.0,1.02,0.00,0.00,None,None,-24.08,4.24,-43.59
11.51,-11.37,1.94,-58.73,353.4,320.0,0.0,0.93,0.00,0.00,None,None,-24.14,4.24,-43.51
11.61,-11.44,1.94,-58.65,353.4,320.0,0.0,1.08,0.00,0.00,None,None,-24.21,4.24,-43.43
11.70,-11.50,1.94,-58.58,353.4,320.0,0.0,1.00,0.00,0.00,None,None,-24.27,4.24,-43.36
11.81,-11.57,1.94,-58.50,353.4,320.0,0.0,1.00,0.00,0.00,None,None,-24.34,4.24,-43.28
11.90,-11.63,1.94,-58.43,353.4,320.0,0.0,0.99,0.00,0.00,None,None,-24.40,4.24,-43.21
12.00,-11.70,1.94,-58.35,353.4,320.0,0.0,1.04,0.00,0.00,None,None,-24.47,4.24,-43.13
12.10,-11.76,1.94,-58.27,353.4,320.0,0.0,0.96,0.00,0.00,None,None,-24.53,4.24,-43.05
12.20,-11.83,1.94,-58.19,353.4,320.0,0.0,1.05,0.00,0.00,None,None,-24.60,4.24,-42.97
12.31,-11.89,1.94,-58.11,353.4,320.0,0.0,0.94,0.00,0.00,None,None,-24.66,4.24,-42.89
12.40,-11.96,1.94,-58.04,353.4,320.0,0.0,1.07,0.00,0.00,None,None,-24.73,4.24,-42.82
12.50,-12.02,1.94,-57.96,353.4,320.0,0.0,0.99,0.00,0.00,None,None,-24.79,4.24,-42.74
12.60,-12.08,1.94,-57.89,353.4,320.0,0.0,0.95,0.00,0.00,None,None,-24.85,4.24,-42.67
12.70,-12.15,1.94,-57.81,353.4,320.0,0.0,1.05,0.00,0.00,None,None,-24.92,4.24,-42.59
12.81,-12.22,1.94,-57.73,353.4,320.0,0.0,0.94,0.00,0.00,None,None,-24.99,4.24,-42.51
12.90,-12.28,1.94,-57.65,353.4,320.0,0.0,1.06,0.00,0.00,None,None,-25.05,4.24,-42.43
13.01,-12.34,1.94,-57.58,353.4,320.0,0.0,0.94,0.00,0.00,None,None,-25.12,4.24,-42.36
13.11,-12.41,1.94,-57.50,353.4,320.0,0.0,1.00,0.00,0.00,None,None,-25.18,4.24,-42.28
13.20,-12.47,1.94,-57.42,353.4,320.0,0.0,1.06,0.00,0.00,None,None,-25.24,4.24,-42.20
13.30,-12.54,1.94,-57.35,353.4,320.0,0.0,0.99,0.00,0.00,None,None,-25.31,4.24,-42.13
13.41,-12.60,1.94,-57.27,353.4,320.0,0.0,0.94,0.00,0.00,None,None,-25.37,4.24,-42.05
13.50,-12.66,1.94,-57.20,353.4,320.0,0.0,1.01,0.00,0.00,None,None,-25.43,4.24,-41.98
13.60,-12.73,1.94,-57.12,353.4,320.0,0.0,1.06,0.00,0.00,None,None,-25.50,4.24,-41.90
13.71,-12.79,1.94,-57.04,353.4,320.0,0.0,0.94,0.00,0.00,None,None,-25.56,4.24,-41.82
13.80,-12.85,1.94,-56.97,353.4,320.0,0.0,1.00,0.00,0.00,None,None,-25.62,4.24,-41.75
13.90,-12.92,1.94,-56.89,353.4,320.0,0.0,1.06,0.00,0.00,None,None,-25.69,4.24,-41.67
14.00,-12.98,1.94,-56.82,353.4,320.0,0.0,0.94,0.00,0.00,None,None,-25.75,4.24,-41.60
14.10,-13.05,1.94,-56.73,353.4,320.0,0.0,1.06,0.00,0.00,None,None,-25.82,4.24,-41.52
14.21,-13.11,1.94,-56.66,353.4,320.0,0.0,0.94,0.00,0.00,None,None,-25.89,4.24,-41.44
14.30,-13.17,1.94,-56.59,353.4,320.0,0.0,1.00,0.00,0.00,None,None,-25.94,4.24,-41.37
14.40,-13.24,1.94,-56.51,353.4,320.0,0.0,1.06,0.00,0.00,None,None,-26.01,4.24,-41.29
14.51,-13.31,1.94,-56.43,353.4,320.0,0.0,0.93,0.00,0.00,None,None,-26.08,4.24,-41.21
14.61,-13.37,1.94,-56.36,353.4,320.0,0.0,0.95,0.00,0.00,None,None,-26.14,4.24,-41.14
14.72,-13.42,1.94,-56.29,353.4,320.0,0.0,0.74,0.00,0.00,None,None,-26.19,4.24,-41.07
14.80,-13.50,1.94,-56.20,353.4,320.0,0.0,1.44,0.00,0.00,None,None,-26.27,4.24,-40.98
14.90,-13.56,1.94,-56.12,353.4,320.0,0.0,1.02,0.00,0.00,None,None,-26.33,4.24,-40.90
15.00,-13.63,1.94,-56.05,353.4,320.0,0.0,0.98,0.00,0.00,None,None,-26.40,4.24,-40.83
15.10,-13.69,1.94,-55.97,353.4,320.0,0.0,1.05,0.00,0.00,None,None,-26.46,4.24,-40.75
15.20,-13.76,1.94,-55.89,353.4,320.0,0.0,0.95,0.00,0.00,None,None,-26.53,4.24,-40.67
15.30,-13.76,1.94,-55.88,353.4,320.0,0.0,0.15,0.00,0.00,None,None,-26.54,4.24,-40.66
15.40,-13.76,1.94,-55.88,353.4,320.0,0.0,0.00,0.00,0.00,None,None,-26.54,4.24,-40.66
15.50,-13.76,1.94,-55.88,353.4,320.0,0.0,0.00,0.00,0.00,None,None,-26.54,4.24,-40.66
15.60,-13.76,1.94,-55.88,353.4,320.0,0.0,0.00,0.00,0.00,None,None,-26.54,4.24,-40.66
15.70,-13.76,1.94,-55.88,353.4,320.0,0.0,0.00,0.00,0.00,None,None,-26.54,4.24,-40.66
15.80,-13.76,1.94,-55.88,353.4,320.0,0.0,0.00,0.00,0.00,None,None,-26.54,4.24,-40.66
15.90,-13.76,1.94,-55.88,353.4,320.0,0.0,0.00,0.00,0.00,None,None,-26.54,4.24,-40.66
16.00,-13.76,1.94,-55.88,353.4,320.0,0.0,0.00,0.00,0.00,None,None,-26.54,4.24,-40.66
16.10,-13.76,1.94,-55.88,353.4,320.0,0.0,0.00,0.00,0.00,None,None,-26.54,4.24,-40.66
16.20,-13.76,1.94,-55.88,353.4,320.0,0.0,0.00,0.00,0.00,None,None,-26.54,4.24,-40.66
16.30,-13.76,1.94,-55.88,353.4,320.0,0.0,0.00,0.00,0.00,None,None,-26.54,4.24,-40.66
16.40,-13.76,1.94,-55.88,353.4,320.0,0.0,0.00,0.00,0.00,None,None,-26.54,4.24,-40.66
16.50,-13.76,1.94,-55.88,353.4,320.0,0.0,0.00,0.00,0.00,None,None,-26.54,4.24,-40.66
16.60,-13.76,1.94,-55.88,353.4,320.0,0.0,0.00,0.00,0.00,None,None,-26.54,4.24,-40.66
16.70,-13.76,1.94,-55.88,353.4,320.0,0.0,0.00,0.00,0.00,None,None,-26.54,4.24,-40.66
16.80,-13.76,1.94,-55.88,353.4,320.0,0.0,0.00,0.00,0.00,None,None,-26.54,4.24,-40.66
16.91,-13.76,1.94,-55.88,353.4,320.0,0.0,0.00,0.00,0.00,None,None,-26.54,4.24,-40.66
17.01,-13.76,1.94,-55.88,353.4,320.0,0.0,0.00,0.00,0.00,None,None,-26.54,4.24,-40.66
17.11,-13.76,1.94,-55.88,353.4,320.0,0.0,0.00,0.00,0.00,None,None,-26.54,4.24,-40.66
17.21,-13.76,1.94,-55.88,353.4,320.0,0.0,0.00,0.00,0.00,None,None,-26.54,4.24,-40.66
17.31,-13.76,1.94,-55.88,353.4,320.0,0.0,,,,ConfusedPromptActivated,None,-26.54,4.24,-40.66
17.31,-13.76,1.94,-55.88,353.4,320.0,0.0,0.00,0.00,0.00,None,None,-26.54,4.24,-40.66
17.40,-13.76,1.94,-55.88,353.4,320.0,0.0,0.00,0.00,0.00,None,None,-26.54,4.24,-40.66
17.50,-13.76,1.94,-55.88,353.4,320.0,0.0,0.00,0.00,0.00,None,None,-26.54,4.24,-40.66
17.60,-13.76,1.94,-55.88,353.4,320.0,0.0,0.00,0.00,0.00,None,None,-26.54,4.24,-40.66
17.70,-13.76,1.94,-55.88,353.4,320.0,0.0,0.00,0.00,0.00,None,None,-26.54,4.24,-40.66
17.80,-13.76,1.94,-55.88,353.4,320.0,0.0,0.00,0.00,0.00,None,None,-26.54,4.24,-40.66
17.90,-13.76,1.94,-55.88,353.4,320.0,0.0,0.00,0.00,0.00,None,None,-26.54,4.24,-40.66
18.00,-13.76,1.94,-55.88,353.4,320.0,0.0,0.00,0.00,0.00,None,None,-26.54,4.24,-40.66
18.10,-13.76,1.94,-55.88,353.4,320.0,0.0,0.00,0.00,0.00,None,None,-26.54,4.24,-40.66
18.20,-13.76,1.94,-55.88,353.4,320.0,0.0,0.00,0.00,0.00,None,None,-26.54,4.24,-40.66
18.31,-13.76,1.94,-55.88,353.4,320.0,0.0,0.00,0.00,0.00,None,None,-26.54,4.24,-40.66
18.41,-13.76,1.94,-55.88,353.4,320.0,0.0,0.00,0.00,0.00,None,None,-26.54,4.24,-40.66
18.51,-13.76,1.94,-55.88,353.4,320.0,0.0,0.00,0.00,0.00,None,None,-26.54,4.24,-40.66
18.60,-13.76,1.94,-55.88,353.4,320.0,0.0,0.00,0.00,0.00,None,None,-26.54,4.24,-40.66
18.70,-13.76,1.94,-55.88,353.4,320.0,0.0,0.00,0.00,0.00,None,None,-26.54,4.24,-40.66
18.80,-13.76,1.94,-55.88,353.4,320.0,0.0,0.00,0.00,0.00,None,None,-26.54,4.24,-40.66
18.90,-13.76,1.94,-55.88,353.4,320.0,0.0,0.00,0.00,0.00,None,None,-26.54,4.24,-40.66
19.00,-13.76,1.94,-55.88,353.4,320.0,0.0,0.00,0.00,0.00,None,None,-26.54,4.24,-40.66
19.10,-13.76,1.94,-55.88,353.4,320.0,0.0,0.00,0.00,0.00,None,None,-26.54,4.24,-40.66
19.20,-13.76,1.94,-55.88,353.4,320.0,0.0,0.00,0.00,0.00,None,None,-26.54,4.24,-40.66
19.30,-13.76,1.94,-55.88,353.4,320.0,0.0,0.00,0.00,0.00,None,None,-26.54,4.24,-40.66
19.31,-13.76,1.94,-55.88,353.4,320.0,0.0,,,,ConfusedPromptActivated,None,-26.54,4.24,-40.66
19.40,-13.76,1.94,-55.88,353.4,320.0,0.0,0.00,0.00,0.00,None,None,-26.54,4.24,-40.66
19.50,-13.76,1.94,-55.88,353.4,320.0,0.0,0.00,0.00,0.00,None,None,-26.54,4.24,-40.66
19.61,-13.76,1.94,-55.88,353.4,320.0,0.0,0.00,0.00,0.00,None,None,-26.54,4.24,-40.66
19.70,-13.76,1.94,-55.88,353.4,320.0,0.0,0.00,0.00,0.00,None,None,-26.54,4.24,-40.66
19.80,-13.76,1.94,-55.88,353.4,320.0,0.0,0.00,0.00,0.00,None,None,-26.54,4.24,-40.66
19.90,-13.76,1.94,-55.88,353.4,320.0,0.0,0.00,0.00,0.00,None,None,-26.54,4.24,-40.66
20.00,-13.76,1.94,-55.88,353.4,320.0,0.0,0.00,0.00,0.00,None,None,-26.54,4.24,-40.66
20.10,-13.76,1.94,-55.88,353.4,320.0,0.0,0.00,0.00,0.00,None,None,-26.54,4.24,-40.66
20.20,-13.76,1.94,-55.88,353.4,320.0,0.0,0.00,0.00,0.00,None,None,-26.54,4.24,-40.66
20.30,-13.76,1.94,-55.88,353.4,320.0,0.0,0.00,0.00,0.00,None,None,-26.54,4.24,-40.66
20.40,-13.76,1.94,-55.88,353.4,320.0,0.0,0.00,0.00,0.00,None,None,-26.54,4.24,-40.66
20.50,-13.76,1.94,-55.88,353.4,320.0,0.0,0.00,0.00,0.00,None,None,-26.54,4.24,-40.66
20.60,-13.76,1.94,-55.88,353.4,320.0,0.0,0.00,0.00,0.00,None,None,-26.54,4.24,-40.66
20.70,-13.76,1.94,-55.88,353.4,320.0,0.0,0.00,0.00,0.00,None,None,-26.54,4.24,-40.66
20.80,-13.76,1.94,-55.88,353.4,320.0,0.0,0.00,0.00,0.00,None,None,-26.54,4.24,-40.66
20.90,-13.76,1.94,-55.88,353.4,320.0,0.0,0.00,0.00,0.00,None,None,-26.54,4.24,-40.66
21.00,-13.76,1.94,-55.88,353.4,320.0,0.0,0.00,0.00,0.00,None,None,-26.54,4.24,-40.66
21.10,-13.76,1.94,-55.88,353.4,320.0,0.0,0.00,0.00,0.00,None,None,-26.54,4.24,-40.66
21.21,-13.76,1.94,-55.88,353.4,320.0,0.0,0.00,0.00,0.00,None,None,-26.54,4.24,-40.66
21.30,-13.76,1.94,-55.88,353.4,320.0,0.0,0.00,0.00,0.00,None,None,-26.54,4.24,-40.66
21.31,-13.76,1.94,-55.88,353.4,320.0,0.0,,,,ConfusedPromptActivated,None,-26.54,4.24,-40.66
21.40,-13.76,1.94,-55.88,353.4,320.0,0.0,0.00,0.00,0.00,None,None,-26.54,4.24,-40.66
21.50,-13.76,1.94,-55.88,353.4,320.0,0.0,0.00,0.00,0.00,None,None,-26.54,4.24,-40.66
21.61,-13.76,1.94,-55.88,353.4,320.0,0.0,0.00,0.00,0.00,None,None,-26.54,4.24,-40.66
21.71,-13.76,1.94,-55.88,353.4,320.0,0.0,0.00,0.00,0.00,None,None,-26.54,4.24,-40.66
21.80,-13.76,1.94,-55.88,353.4,320.0,0.0,0.00,0.00,0.00,None,None,-26.54,4.24,-40.66
21.90,-13.76,1.94,-55.88,353.4,320.0,0.0,0.00,0.00,0.00,None,None,-26.54,4.24,-40.66
22.01,-13.76,1.94,-55.88,353.4,320.0,0.0,0.00,0.00,0.00,None,None,-26.54,4.24,-40.66
22.10,-13.76,1.94,-55.88,353.4,320.0,0.0,0.00,0.00,0.00,None,None,-26.54,4.24,-40.66
22.20,-13.76,1.94,-55.88,353.4,320.0,0.0,0.00,0.00,0.00,None,None,-26.54,4.24,-40.66
22.30,-13.76,1.94,-55.88,353.4,320.0,0.0,0.00,0.00,0.00,None,None,-26.54,4.24,-40.66
22.40,-13.76,1.94,-55.88,353.4,320.0,0.0,0.00,0.00,0.00,None,None,-26.54,4.24,-40.66
22.50,-13.76,1.94,-55.88,353.4,320.0,0.0,0.00,0.00,0.00,None,None,-26.54,4.24,-40.66
22.61,-13.76,1.94,-55.88,353.4,320.0,0.0,0.00,0.00,0.00,None,None,-26.54,4.24,-40.66
22.71,-13.76,1.94,-55.88,353.4,320.0,0.0,0.00,0.00,0.00,None,None,-26.54,4.24,-40.66
22.81,-13.76,1.94,-55.88,353.4,320.0,0.0,0.00,0.00,0.00,None,None,-26.54,4.24,-40.66
22.91,-13.76,1.94,-55.88,353.4,320.0,0.0,0.00,0.00,0.00,None,None,-26.54,4.24,-40.66
23.00,-13.76,1.94,-55.88,353.4,320.0,0.0,0.00,0.00,0.00,None,None,-26.54,4.24,-40.66
23.10,-13.76,1.94,-55.88,353.4,320.0,0.0,0.00,0.00,0.00,None,None,-26.54,4.24,-40.66
23.20,-13.76,1.94,-55.88,353.4,320.0,0.0,0.00,0.00,0.00,None,None,-26.54,4.24,-40.66
23.30,-13.76,1.94,-55.88,353.4,320.0,0.0,0.00,0.00,0.00,None,None,-26.54,4.24,-40.66
23.32,-13.76,1.94,-55.88,353.4,320.0,0.0,,,,ConfusedPromptActivated,None,-26.54,4.24,-40.66
23.40,-13.76,1.94,-55.88,353.4,320.0,0.0,0.00,0.00,0.00,None,None,-26.54,4.24,-40.66
23.50,-13.76,1.94,-55.88,353.4,320.0,0.0,0.00,0.00,0.00,None,None,-26.54,4.24,-40.66
23.61,-13.76,1.94,-55.88,353.4,320.0,0.0,0.00,0.00,0.00,None,None,-26.54,4.24,-40.66
23.70,-13.76,1.94,-55.88,353.4,320.0,0.0,0.00,0.00,0.00,None,None,-26.54,4.24,-40.66
23.80,-13.76,1.94,-55.88,353.4,320.0,0.0,0.00,0.00,0.00,None,None,-26.54,4.24,-40.66
23.91,-13.76,1.94,-55.88,353.4,320.0,0.0,0.00,0.00,0.00,None,None,-26.54,4.24,-40.66
24.01,-13.76,1.94,-55.88,353.4,320.0,0.0,0.00,0.00,0.00,None,None,-26.54,4.24,-40.66
24.10,-13.76,1.94,-55.88,353.4,320.0,0.0,0.00,0.00,0.00,None,None,-26.54,4.24,-40.66
24.20,-13.76,1.94,-55.88,353.4,320.0,0.0,0.00,0.00,0.00,None,None,-26.54,4.24,-40.66
24.30,-13.76,1.94,-55.88,353.4,320.0,0.0,0.00,0.00,0.00,None,None,-26.54,4.24,-40.66
24.40,-13.76,1.94,-55.88,353.4,320.0,0.0,0.00,0.00,0.00,None,None,-26.54,4.24,-40.66
24.50,-13.76,1.94,-55.88,353.4,320.0,0.0,0.00,0.00,0.00,None,None,-26.54,4.24,-40.66
24.60,-13.76,1.94,-55.88,353.4,320.0,0.0,0.00,0.00,0.00,None,None,-26.54,4.24,-40.66
24.70,-13.76,1.94,-55.88,353.4,320.0,0.0,0.00,0.00,0.00,None,None,-26.54,4.24,-40.66
24.80,-13.76,1.94,-55.88,353.4,320.0,0.0,0.00,0.00,0.00,None,None,-26.54,4.24,-40.66
24.90,-13.76,1.94,-55.88,353.4,320.0,0.0,0.00,0.00,0.00,None,None,-26.54,4.24,-40.66
25.00,-13.76,1.94,-55.88,353.4,320.0,0.0,0.00,0.00,0.00,None,None,-26.54,4.24,-40.66
25.11,-13.76,1.94,-55.88,353.4,320.0,0.0,0.00,0.00,0.00,None,None,-26.54,4.24,-40.66
25.21,-13.76,1.94,-55.88,353.4,320.0,0.0,0.00,0.00,0.00,None,None,-26.54,4.24,-40.66
25.32,-13.76,1.94,-55.88,353.4,320.0,0.0,0.00,0.00,0.00,None,None,-26.54,4.24,-40.66
25.32,-13.76,1.94,-55.88,353.4,320.0,0.0,,,,ConfusedPromptActivated,None,-26.54,4.24,-40.66
25.40,-13.76,1.94,-55.88,353.4,320.0,0.0,0.00,0.00,0.00,None,None,-26.54,4.24,-40.66
25.50,-13.76,1.94,-55.88,353.4,320.0,0.0,0.00,0.00,0.00,None,None,-26.54,4.24,-40.66
25.60,-13.76,1.94,-55.88,353.4,320.0,0.0,0.00,0.00,0.00,None,None,-26.54,4.24,-40.66
25.70,-13.76,1.94,-55.88,353.4,320.0,0.0,0.00,0.00,0.00,None,None,-26.54,4.24,-40.66
25.81,-13.76,1.94,-55.88,353.4,320.0,0.0,0.00,0.00,0.00,None,None,-26.54,4.24,-40.66
25.91,-13.76,1.94,-55.88,353.4,320.0,0.0,0.00,0.00,0.00,None,None,-26.54,4.24,-40.66
26.01,-13.76,1.94,-55.88,353.4,320.0,0.0,0.00,0.00,0.00,None,None,-26.54,4.24,-40.66
26.10,-13.76,1.94,-55.88,353.4,320.0,0.0,0.00,0.00,0.00,None,None,-26.54,4.24,-40.66
26.21,-13.76,1.94,-55.88,353.4,320.0,0.0,0.00,0.00,0.00,None,None,-26.54,4.24,-40.66
26.31,-13.76,1.94,-55.88,353.4,320.0,0.0,0.00,0.00,0.00,None,None,-26.54,4.24,-40.66
26.41,-13.76,1.94,-55.88,353.4,320.0,0.0,0.00,0.00,0.00,None,None,-26.54,4.24,-40.66
26.51,-13.76,1.94,-55.88,353.4,320.0,0.0,0.00,0.00,0.00,None,None,-26.54,4.24,-40.66
26.61,-13.76,1.94,-55.88,353.4,320.0,0.0,0.00,0.00,0.00,None,None,-26.54,4.24,-40.66
26.70,-13.76,1.94,-55.88,353.4,320.0,0.0,0.00,0.00,0.00,None,None,-26.54,4.24,-40.66
26.81,-13.76,1.94,-55.88,353.4,320.0,0.0,0.00,0.00,0.00,None,None,-26.54,4.24,-40.66
26.91,-13.76,1.94,-55.88,353.4,320.0,0.0,0.00,0.00,0.00,None,None,-26.54,4.24,-40.66
27.01,-13.76,1.94,-55.88,353.4,320.0,0.0,0.00,0.00,0.00,None,None,-26.54,4.24,-40.66
27.11,-13.76,1.94,-55.88,353.4,320.0,0.0,0.00,0.00,0.00,None,None,-26.54,4.24,-40.66
27.21,-13.76,1.94,-55.88,353.4,320.0,0.0,0.00,0.00,0.00,None,None,-26.54,4.24,-40.66
27.30,-13.76,1.94,-55.88,353.4,320.0,0.0,0.00,0.00,0.00,None,None,-26.54,4.24,-40.66
27.33,-13.76,1.94,-55.88,353.4,320.0,0.0,,,,ConfusedPromptActivated,None,-26.54,4.24,-40.66
27.40,-13.76,1.94,-55.88,353.4,320.0,0.0,0.00,0.00,0.00,None,None,-26.54,4.24,-40.66
27.50,-13.76,1.94,-55.88,353.4,320.0,0.0,0.00,0.00,0.00,None,None,-26.54,4.24,-40.66
27.60,-13.76,1.94,-55.88,353.4,320.0,0.0,0.00,0.00,0.00,None,None,-26.54,4.24,-40.66
27.70,-13.76,1.94,-55.88,353.4,320.0,0.0,0.00,0.00,0.00,None,None,-26.54,4.24,-40.66
27.81,-13.76,1.94,-55.88,353.4,320.0,0.0,0.00,0.00,0.00,None,None,-26.54,4.24,-40.66
27.91,-13.76,1.94,-55.88,353.4,320.0,0.0,0.00,0.00,0.00,None,None,-26.54,4.24,-40.66
28.01,-13.76,1.94,-55.88,353.4,320.0,0.0,0.00,0.00,0.00,None,None,-26.54,4.24,-40.66
28.11,-13.76,1.94,-55.88,353.4,320.0,0.0,0.00,0.00,0.00,None,None,-26.54,4.24,-40.66
28.21,-13.76,1.94,-55.88,353.4,320.0,0.0,0.00,0.00,0.00,None,None,-26.54,4.24,-40.66
28.30,-13.76,1.94,-55.88,353.4,320.0,0.0,0.00,0.00,0.00,None,None,-26.54,4.24,-40.66
28.40,-13.76,1.94,-55.88,353.4,320.0,0.0,0.00,0.00,0.00,None,None,-26.54,4.24,-40.66
28.50,-13.76,1.94,-55.88,353.4,320.0,0.0,0.00,0.00,0.00,None,None,-26.54,4.24,-40.66
28.60,-13.76,1.94,-55.88,353.4,320.0,0.0,0.00,0.00,0.00,None,None,-26.54,4.24,-40.66
28.71,-13.76,1.94,-55.88,353.4,320.0,0.0,0.00,0.00,0.00,None,None,-26.54,4.24,-40.66
28.81,-13.76,1.94,-55.88,353.4,320.0,0.0,0.00,0.00,0.00,None,None,-26.54,4.24,-40.66
28.90,-13.76,1.94,-55.88,353.4,320.0,0.0,0.00,0.00,0.00,None,None,-26.54,4.24,-40.66
29.01,-13.76,1.94,-55.88,353.4,320.0,0.0,0.00,0.00,0.00,None,None,-26.54,4.24,-40.66
29.12,-13.76,1.94,-55.88,353.4,320.0,0.0,0.00,0.00,0.00,None,None,-26.54,4.24,-40.66
29.21,-13.76,1.94,-55.88,353.4,320.0,0.0,0.00,0.00,0.00,None,None,-26.54,4.24,-40.66
29.30,-13.76,1.94,-55.88,353.4,320.0,0.0,0.00,0.00,0.00,None,None,-26.54,4.24,-40.66
29.33,-13.76,1.94,-55.88,353.4,320.0,0.0,,,,ConfusedPromptActivated,None,-26.54,4.24,-40.66
29.40,-13.76,1.94,-55.88,353.4,320.0,0.0,0.00,0.00,0.00,None,None,-26.54,4.24,-40.66
29.50,-13.76,1.94,-55.88,353.4,320.0,0.0,0.00,0.00,0.00,None,None,-26.54,4.24,-40.66
29.61,-13.76,1.94,-55.88,353.4,320.0,0.0,0.00,0.00,0.00,None,None,-26.54,4.24,-40.66
29.71,-13.76,1.94,-55.88,353.4,320.0,0.0,0.00,0.00,0.00,None,None,-26.54,4.24,-40.66
29.80,-13.76,1.94,-55.88,353.4,320.0,0.0,0.00,0.00,0.00,None,None,-26.54,4.24,-40.66
29.90,-13.76,1.94,-55.88,353.4,320.0,0.0,0.00,0.00,0.00,None,None,-26.54,4.24,-40.66
30.00,-13.76,1.94,-55.88,353.4,320.0,0.0,0.00,0.00,0.00,None,None,-26.54,4.24,-40.66
30.10,-13.76,1.94,-55.88,353.4,320.0,0.0,0.00,0.00,0.00,None,None,-26.54,4.24,-40.66
30.20,-13.76,1.94,-55.88,353.4,320.0,0.0,0.00,0.00,0.00,None,None,-26.54,4.24,-40.66
30.31,-13.76,1.94,-55.88,353.4,320.0,0.0,0.00,0.00,0.00,None,None,-26.54,4.24,-40.66
30.40,-13.76,1.94,-55.88,353.4,320.0,0.0,0.00,0.00,0.00,None,None,-26.54,4.24,-40.66
30.50,-13.76,1.94,-55.88,353.4,320.0,0.0,0.00,0.00,0.00,None,None,-26.54,4.24,-40.66
30.60,-13.76,1.94,-55.88,353.4,320.0,0.0,0.00,0.00,0.00,None,None,-26.54,4.24,-40.66
30.70,-13.76,1.94,-55.88,353.4,320.0,0.0,0.00,0.00,0.00,None,None,-26.54,4.24,-40.66
30.80,-13.76,1.94,-55.88,353.4,320.0,0.0,0.00,0.00,0.00,None,None,-26.54,4.24,-40.66
30.90,-13.76,1.94,-55.88,353.4,320.0,0.0,0.00,0.00,0.00,None,None,-26.54,4.24,-40.66
31.00,-13.76,1.94,-55.88,353.4,320.0,0.0,0.00,0.00,0.00,None,None,-26.54,4.24,-40.66
31.10,-13.76,1.94,-55.88,353.4,320.0,0.0,0.00,0.00,0.00,None,None,-26.54,4.24,-40.66
31.20,-13.76,1.94,-55.88,353.4,320.0,0.0,0.00,0.00,0.00,None,None,-26.54,4.24,-40.66
31.30,-13.76,1.94,-55.88,353.4,320.0,0.0,0.00,0.00,0.00,None,None,-26.54,4.24,-40.66
31.34,-13.76,1.94,-55.88,353.4,320.0,0.0,,,,ConfusedPromptActivated,None,-26.54,4.24,-40.66
31.40,-13.76,1.94,-55.88,353.4,320.0,0.0,0.00,0.00,0.00,None,None,-26.54,4.24,-40.66
31.50,-13.76,1.94,-55.88,353.4,320.0,0.0,0.00,0.00,0.00,None,None,-26.54,4.24,-40.66
31.60,-13.76,1.94,-55.88,353.4,320.0,0.0,0.00,0.00,0.00,None,None,-26.54,4.24,-40.66
31.70,-13.76,1.94,-55.88,353.4,320.0,0.0,0.00,0.00,0.00,None,None,-26.54,4.24,-40.66
31.80,-13.76,1.94,-55.88,353.4,320.0,0.0,0.00,0.00,0.00,None,None,-26.54,4.24,-40.66
31.90,-13.76,1.94,-55.88,353.4,320.0,0.0,0.00,0.00,0.00,None,None,-26.54,4.24,-40.66
32.00,-13.76,1.94,-55.88,353.4,320.0,0.0,0.00,0.00,0.00,None,None,-26.54,4.24,-40.66
32.10,-13.76,1.94,-55.88,353.4,320.0,0.0,0.00,0.00,0.00,None,None,-26.54,4.24,-40.66
32.20,-13.76,1.94,-55.88,353.4,320.0,0.0,0.00,0.00,0.00,None,None,-26.54,4.24,-40.66
32.30,-13.76,1.94,-55.88,353.4,320.0,0.0,0.00,0.00,0.00,None,None,-26.54,4.24,-40.66
32.40,-13.76,1.94,-55.88,353.4,320.0,0.0,0.00,0.00,0.00,None,None,-26.54,4.24,-40.66
32.50,-13.76,1.94,-55.88,353.4,320.0,0.0,0.00,0.00,0.00,None,None,-26.54,4.24,-40.66
32.60,-13.76,1.94,-55.88,353.4,320.0,0.0,0.00,0.00,0.00,None,None,-26.54,4.24,-40.66
32.70,-13.76,1.94,-55.88,353.4,320.0,0.0,0.00,0.00,0.00,None,None,-26.54,4.24,-40.66
32.80,-13.76,1.94,-55.88,353.4,320.0,0.0,0.00,0.00,0.00,None,None,-26.54,4.24,-40.66
32.90,-13.76,1.94,-55.88,353.4,320.0,0.0,0.00,0.00,0.00,None,None,-26.54,4.24,-40.66
33.00,-13.76,1.94,-55.88,353.4,320.0,0.0,0.00,0.00,0.00,None,None,-26.54,4.24,-40.66
33.10,-13.76,1.94,-55.88,353.4,320.0,0.0,0.00,0.00,0.00,None,None,-26.54,4.24,-40.66
33.20,-13.76,1.94,-55.88,353.4,320.0,0.0,0.00,0.00,0.00,None,None,-26.54,4.24,-40.66
33.30,-13.76,1.94,-55.88,353.4,320.0,0.0,0.00,0.00,0.00,None,None,-26.54,4.24,-40.66
33.34,-13.76,1.94,-55.88,353.4,320.0,0.0,,,,ConfusedPromptActivated,None,-26.54,4.24,-40.66
33.40,-13.76,1.94,-55.88,353.4,320.0,0.0,0.00,0.00,0.00,None,None,-26.54,4.24,-40.66
33.51,-13.76,1.94,-55.88,353.4,320.0,0.0,0.00,0.00,0.00,None,None,-26.54,4.24,-40.66
33.61,-13.76,1.94,-55.88,353.4,320.0,0.0,0.00,0.00,0.00,None,None,-26.54,4.24,-40.66
33.70,-13.76,1.94,-55.88,353.4,320.0,0.0,0.00,0.00,0.00,None,None,-26.54,4.24,-40.66
33.80,-13.76,1.94,-55.88,353.4,320.0,0.0,0.00,0.00,0.00,None,None,-26.54,4.24,-40.66
33.90,-13.76,1.94,-55.88,353.4,320.0,0.0,0.00,0.00,0.00,None,None,-26.54,4.24,-40.66
34.00,-13.76,1.94,-55.88,353.4,320.0,0.0,0.00,0.00,0.00,None,None,-26.54,4.24,-40.66
34.10,-13.76,1.94,-55.88,353.4,320.0,0.0,0.00,0.00,0.00,None,None,-26.54,4.24,-40.66
34.20,-13.76,1.94,-55.88,353.4,320.0,0.0,0.00,0.00,0.00,None,None,-26.54,4.24,-40.66
34.30,-13.76,1.94,-55.88,353.4,320.0,0.0,0.00,0.00,0.00,None,None,-26.54,4.24,-40.66
34.41,-13.76,1.94,-55.88,353.4,320.0,0.0,0.00,0.00,0.00,None,None,-26.54,4.24,-40.66
34.51,-13.76,1.94,-55.88,353.4,320.0,0.0,0.00,0.00,0.00,None,None,-26.54,4.24,-40.66
34.61,-13.76,1.94,-55.88,353.4,320.0,0.0,0.00,0.00,0.00,None,None,-26.54,4.24,-40.66
34.70,-13.76,1.94,-55.88,353.4,320.0,0.0,0.00,0.00,0.00,None,None,-26.54,4.24,-40.66
34.80,-13.76,1.94,-55.88,353.4,320.0,0.0,0.00,0.00,0.00,None,None,-26.54,4.24,-40.66
34.91,-13.76,1.94,-55.88,353.4,320.0,0.0,0.00,0.00,0.00,None,None,-26.54,4.24,-40.66
35.00,-13.76,1.94,-55.88,353.4,320.0,0.0,0.00,0.00,0.00,None,None,-26.54,4.24,-40.66
35.11,-13.76,1.94,-55.88,353.4,320.0,0.0,0.00,0.00,0.00,None,None,-26.54,4.24,-40.66
35.20,-13.76,1.94,-55.88,353.4,320.0,0.0,0.00,0.00,0.00,None,None,-26.54,4.24,-40.66
35.30,-13.76,1.94,-55.88,353.4,320.0,0.0,0.00,0.00,0.00,None,None,-26.54,4.24,-40.66
35.34,-13.76,1.94,-55.88,353.4,320.0,0.0,,,,ConfusedPromptActivated,None,-26.54,4.24,-40.66
35.40,-13.76,1.94,-55.88,353.4,320.0,0.0,0.00,0.00,0.00,None,None,-26.54,4.24,-40.66
35.50,-13.76,1.94,-55.88,353.4,320.0,0.0,0.00,0.00,0.00,None,None,-26.54,4.24,-40.66
35.60,-13.76,1.94,-55.88,353.4,320.0,0.0,0.00,0.00,0.00,None,None,-26.54,4.24,-40.66
35.70,-13.76,1.94,-55.88,353.4,320.0,0.0,0.00,0.00,0.00,None,None,-26.54,4.24,-40.66
35.82,-13.76,1.94,-55.88,353.4,320.0,0.0,0.00,0.00,0.00,None,None,-26.54,4.24,-40.66
35.90,-13.76,1.94,-55.88,353.4,320.0,0.0,0.00,0.00,0.00,None,None,-26.54,4.24,-40.66
36.00,-13.76,1.94,-55.88,353.4,320.0,0.0,0.00,0.00,0.00,None,None,-26.54,4.24,-40.66
36.11,-13.76,1.94,-55.88,353.4,320.0,0.0,0.00,0.00,0.00,None,None,-26.54,4.24,-40.66
36.20,-13.76,1.94,-55.88,353.4,320.0,0.0,0.00,0.00,0.00,None,None,-26.54,4.24,-40.66
36.30,-13.76,1.94,-55.88,353.4,320.0,0.0,0.00,0.00,0.00,None,None,-26.54,4.24,-40.66
36.40,-13.76,1.94,-55.88,353.4,320.0,0.0,0.00,0.00,0.00,None,None,-26.54,4.24,-40.66
36.50,-13.76,1.94,-55.88,353.4,320.0,0.0,0.00,0.00,0.00,None,None,-26.54,4.24,-40.66
36.61,-13.76,1.94,-55.88,353.4,320.0,0.0,0.00,0.00,0.00,None,None,-26.54,4.24,-40.66
36.71,-13.76,1.94,-55.88,353.4,320.0,0.0,0.00,0.00,0.00,None,None,-26.54,4.24,-40.66
36.81,-13.76,1.94,-55.88,353.4,320.0,0.0,0.00,0.00,0.00,None,None,-26.54,4.24,-40.66
36.91,-13.76,1.94,-55.88,353.4,320.0,0.0,0.00,0.00,0.00,None,None,-26.54,4.24,-40.66
37.00,-13.76,1.94,-55.88,353.4,320.0,0.0,0.00,0.00,0.00,None,None,-26.54,4.24,-40.66
37.11,-13.76,1.94,-55.88,353.4,320.0,0.0,0.00,0.00,0.00,None,None,-26.54,4.24,-40.66
37.20,-13.76,1.94,-55.88,353.4,320.0,0.0,0.00,0.00,0.00,None,None,-26.54,4.24,-40.66
37.30,-13.76,1.94,-55.88,353.4,320.0,0.0,0.00,0.00,0.00,None,None,-26.54,4.24,-40.66
37.34,-13.76,1.94,-55.88,353.4,320.0,0.0,,,,ConfusedPromptActivated,None,-26.54,4.24,-40.66
37.41,-13.76,1.94,-55.88,353.4,320.0,0.0,0.00,0.00,0.00,None,None,-26.54,4.24,-40.66
37.50,-13.76,1.94,-55.88,353.4,320.0,0.0,0.00,0.00,0.00,None,None,-26.54,4.24,-40.66
37.61,-13.76,1.94,-55.88,353.4,320.0,0.0,0.00,0.00,0.00,None,None,-26.54,4.24,-40.66
37.71,-13.76,1.94,-55.88,353.4,320.0,0.0,0.00,0.00,0.00,None,None,-26.54,4.24,-40.66
37.80,-13.76,1.94,-55.88,353.4,320.0,0.0,0.00,0.00,0.00,None,None,-26.54,4.24,-40.66
37.90,-13.76,1.94,-55.88,353.4,320.0,0.0,0.00,0.00,0.00,None,None,-26.54,4.24,-40.66
38.01,-13.76,1.94,-55.88,353.4,320.0,0.0,0.00,0.00,0.00,None,None,-26.54,4.24,-40.66
38.11,-13.76,1.94,-55.88,353.4,320.0,0.0,0.00,0.00,0.00,None,None,-26.54,4.24,-40.66
38.20,-13.76,1.94,-55.88,353.4,320.0,0.0,0.00,0.00,0.00,None,None,-26.54,4.24,-40.66
38.30,-13.76,1.94,-55.88,353.4,320.0,0.0,0.00,0.00,0.00,None,None,-26.54,4.24,-40.66
38.41,-13.76,1.94,-55.88,353.4,320.0,0.0,0.00,0.00,0.00,None,None,-26.54,4.24,-40.66
38.50,-13.76,1.94,-55.88,353.4,320.0,0.0,0.00,0.00,0.00,None,None,-26.54,4.24,-40.66
38.60,-13.76,1.94,-55.88,353.4,320.0,0.0,0.00,0.00,0.00,None,None,-26.54,4.24,-40.66
38.70,-13.76,1.94,-55.88,353.4,320.0,0.0,0.00,0.00,0.00,None,None,-26.54,4.24,-40.66
38.80,-13.76,1.94,-55.88,353.4,320.0,0.0,0.00,0.00,0.00,None,None,-26.54,4.24,-40.66
38.90,-13.76,1.94,-55.88,353.4,320.0,0.0,0.00,0.00,0.00,None,None,-26.54,4.24,-40.66
39.00,-13.76,1.94,-55.88,353.4,320.0,0.0,0.00,0.00,0.00,None,None,-26.54,4.24,-40.66
39.11,-13.76,1.94,-55.88,353.4,320.0,0.0,0.00,0.00,0.00,None,None,-26.54,4.24,-40.66
39.20,-13.76,1.94,-55.88,353.4,320.0,0.0,0.00,0.00,0.00,None,None,-26.54,4.24,-40.66
39.31,-13.76,1.94,-55.88,353.4,320.0,0.0,0.00,0.00,0.00,None,None,-26.54,4.24,-40.66
39.35,-13.76,1.94,-55.88,353.4,320.0,0.0,,,,ConfusedPromptActivated,None,-26.54,4.24,-40.66
39.40,-13.76,1.94,-55.88,353.4,320.0,0.0,0.00,0.00,0.00,None,None,-26.54,4.24,-40.66
39.50,-13.76,1.94,-55.88,353.4,320.0,0.0,0.00,0.00,0.00,None,None,-26.54,4.24,-40.66
39.61,-13.76,1.94,-55.88,353.4,320.0,0.0,0.00,0.00,0.00,None,None,-26.54,4.24,-40.66
39.70,-13.76,1.94,-55.88,353.4,319.4,0.0,0.00,-6.35,0.00,None,None,-26.69,4.24,-40.80
39.80,-13.76,1.94,-55.88,352.0,309.2,0.0,0.00,-100.08,-13.74,None,None,-29.11,4.73,-43.37
39.90,-13.78,1.94,-55.87,351.0,303.8,0.0,0.22,-54.97,-10.18,None,None,-30.20,5.07,-44.88
40.01,-13.87,1.94,-55.81,351.0,303.8,0.0,0.96,0.00,0.00,None,None,-30.28,5.07,-44.83
40.10,-13.95,1.94,-55.76,351.0,303.8,0.0,1.05,0.00,0.00,None,None,-30.37,5.07,-44.77
40.21,-14.03,1.94,-55.70,351.0,303.8,0.0,0.94,0.00,0.00,None,None,-30.45,5.07,-44.71
40.30,-14.12,1.94,-55.65,351.0,303.8,0.0,1.07,0.00,0.00,None,None,-30.53,5.07,-44.66
40.41,-14.20,1.94,-55.59,351.0,303.8,0.0,0.95,0.00,0.00,None,None,-30.61,5.07,-44.60
40.50,-14.28,1.94,-55.54,351.0,303.8,0.0,1.00,0.00,0.00,None,None,-30.70,5.07,-44.55
40.60,-14.37,1.94,-55.48,351.0,303.8,0.0,1.05,0.00,0.00,None,None,-30.78,5.07,-44.49
40.71,-14.45,1.94,-55.42,351.0,303.8,0.0,0.95,0.00,0.00,None,None,-30.86,5.07,-44.44
40.80,-14.53,1.94,-55.37,351.0,303.8,0.0,0.99,0.00,0.00,None,None,-30.94,5.07,-44.38
40.91,-14.62,1.94,-55.31,351.0,303.8,0.0,1.01,0.00,0.00,None,None,-31.03,5.07,-44.32
41.00,-14.69,1.94,-55.26,351.0,303.8,0.0,1.01,0.00,0.00,None,None,-31.11,5.07,-44.27
41.11,-14.78,1.94,-55.20,351.0,303.8,0.0,1.03,0.00,0.00,None,None,-31.20,5.07,-44.21
41.21,-14.87,1.94,-55.15,351.0,303.8,0.0,0.96,0.00,0.00,None,None,-31.28,5.07,-44.16
41.30,-14.94,1.94,-55.09,351.0,303.8,0.0,1.01,0.00,0.00,None,None,-31.36,5.07,-44.10
41.41,-15.03,1.94,-55.03,351.0,303.8,0.0,0.98,0.00,0.00,None,None,-31.45,5.07,-44.05
41.50,-15.11,1.94,-54.98,351.0,303.8,0.0,1.01,0.00,0.00,None,None,-31.53,5.07,-43.99
41.60,-15.20,1.94,-54.92,351.0,303.8,0.0,1.06,0.00,0.00,None,None,-31.61,5.07,-43.94
41.70,-15.26,1.94,-54.88,351.0,303.8,0.0,0.71,0.00,0.00,None,None,-31.67,5.07,-43.89
41.80,-15.26,1.94,-54.88,351.0,303.8,0.0,0.00,0.00,0.00,None,None,-31.67,5.07,-43.89
41.90,-15.26,1.94,-54.88,351.0,303.8,0.0,0.00,0.00,0.00,None,None,-31.67,5.07,-43.89
42.00,-15.27,1.94,-54.88,351.0,303.8,0.0,0.15,0.00,0.00,None,None,-31.68,5.07,-43.89
42.11,-15.36,1.94,-54.82,351.0,303.8,0.0,1.00,0.00,0.00,None,None,-31.77,5.07,-43.83
42.20,-15.44,1.94,-54.76,351.0,303.8,0.0,1.05,0.00,0.00,None,None,-31.85,5.07,-43.77
42.30,-15.52,1.94,-54.70,351.0,303.8,0.0,1.00,0.00,0.00,None,None,-31.94,5.07,-43.72
42.40,-15.60,1.94,-54.65,351.0,303.8,0.0,0.96,0.00,0.00,None,None,-32.02,5.07,-43.66
42.51,-15.69,1.94,-54.59,351.0,303.8,0.0,1.00,0.00,0.00,None,None,-32.11,5.07,-43.60
42.61,-15.77,1.94,-54.54,351.0,307.0,0.0,0.96,31.21,0.00,None,None,-31.55,5.07,-42.65
42.70,-15.85,1.94,-54.48,351.2,312.0,0.0,1.09,55.07,2.20,None,None,-30.54,5.00,-41.25
42.80,-15.92,1.94,-54.41,351.4,314.6,0.0,0.93,26.00,2.00,None,None,-30.00,4.93,-40.53
42.90,-15.99,1.94,-54.34,351.4,315.6,0.0,1.07,9.94,0.00,None,None,-29.83,4.93,-40.21
43.00,-16.06,1.94,-54.27,351.4,315.6,0.0,0.96,0.00,0.00,None,None,-29.90,4.93,-40.14
43.10,-16.13,1.94,-54.19,351.4,315.6,0.0,1.03,0.00,0.00,None,None,-29.97,4.93,-40.06
43.21,-16.20,1.94,-54.12,351.4,315.6,0.0,0.97,0.00,0.00,None,None,-30.04,4.93,-39.99
43.30,-16.27,1.94,-54.05,351.4,315.6,0.0,1.00,0.00,0.00,None,None,-30.11,4.93,-39.92
43.41,-16.34,1.94,-53.98,351.4,315.6,0.0,0.97,0.00,0.00,None,None,-30.18,4.93,-39.85
43.51,-16.41,1.94,-53.91,351.4,315.6,0.0,1.00,0.00,0.00,None,None,-30.25,4.93,-39.78
43.61,-16.48,1.94,-53.84,351.4,315.6,0.0,0.99,0.00,0.00,None,None,-30.32,4.93,-39.71
43.70,-16.55,1.94,-53.77,351.4,315.6,0.0,1.04,0.00,0.00,None,None,-30.39,4.93,-39.64
43.81,-16.62,1.94,-53.69,351.4,315.6,0.0,0.99,0.00,0.00,None,None,-30.46,4.93,-39.56
43.90,-16.69,1.94,-53.62,351.4,315.6,0.0,1.01,0.00,0.00,None,None,-30.53,4.93,-39.49
44.01,-16.76,1.94,-53.55,351.4,315.6,0.0,1.00,0.00,0.00,None,None,-30.60,4.93,-39.42
44.10,-16.83,1.94,-53.48,351.4,315.6,0.0,1.00,0.00,0.00,None,None,-30.66,4.93,-39.35
44.21,-16.90,1.94,-53.41,351.4,315.6,0.0,1.00,0.00,0.00,None,None,-30.74,4.93,-39.28
44.30,-16.97,1.94,-53.34,351.4,315.6,0.0,0.99,0.00,0.00,None,None,-30.80,4.93,-39.21
44.40,-17.04,1.94,-53.26,351.4,315.6,0.0,1.06,0.00,0.00,None,None,-30.88,4.93,-39.13
44.50,-17.11,1.94,-53.19,351.4,315.6,0.0,0.96,0.00,0.00,None,None,-30.95,4.93,-39.07
44.61,-17.18,1.94,-53.12,351.4,315.6,0.0,0.95,0.00,0.00,None,None,-31.02,4.93,-38.99
44.70,-17.25,1.94,-53.05,351.4,315.6,0.0,1.04,0.00,0.00,None,None,-31.09,4.93,-38.92
44.80,-17.32,1.94,-52.98,351.4,315.6,0.0,0.97,0.00,0.00,None,None,-31.15,4.93,-38.85
44.91,-17.39,1.94,-52.91,351.4,315.6,0.0,1.02,0.00,0.00,None,None,-31.23,4.93,-38.78
45.00,-17.46,1.94,-52.84,351.4,315.6,0.0,0.98,0.00,0.00,None,None,-31.29,4.93,-38.71
45.11,-17.53,1.94,-52.76,351.4,315.6,0.0,0.99,0.00,0.00,None,None,-31.37,4.93,-38.64
45.20,-17.60,1.94,-52.70,351.4,315.6,0.0,1.01,0.00,0.00,None,None,-31.43,4.93,-38.57
45.30,-17.67,1.94,-52.62,351.4,315.6,0.0,1.05,0.00,0.00,None,None,-31.51,4.93,-38.49
45.40,-17.74,1.94,-52.55,351.4,315.6,0.0,0.96,0.00,0.00,None,None,-31.57,4.93,-38.42
45.51,-17.81,1.94,-52.48,351.4,315.6,0.0,0.94,0.00,0.00,None,None,-31.65,4.93,-38.35
45.61,-17.88,1.94,-52.41,351.4,315.6,0.0,0.98,0.00,0.00,None,None,-31.71,4.93,-38.28
45.70,-17.95,1.94,-52.34,351.4,315.6,0.0,1.09,0.00,0.00,None,None,-31.78,4.93,-38.21
45.80,-18.02,1.94,-52.26,351.4,315.6,0.0,1.04,0.00,0.00,None,None,-31.86,4.93,-38.13
45.90,-18.09,1.94,-52.19,351.4,315.6,0.0,0.95,0.00,0.00,None,None,-31.93,4.93,-38.06
46.01,-18.16,1.94,-52.12,351.4,315.6,0.0,1.00,0.00,0.00,None,None,-32.00,4.93,-37.99
46.10,-18.23,1.94,-52.05,351.4,315.6,0.0,1.00,0.00,0.00,None,None,-32.06,4.93,-37.92
46.21,-18.30,1.94,-51.98,351.4,315.6,0.0,1.00,0.00,0.00,None,None,-32.14,4.93,-37.85
46.30,-18.37,1.94,-51.90,351.4,315.6,0.0,1.05,0.00,0.00,None,None,-32.21,4.93,-37.78
46.41,-18.44,1.94,-51.83,351.4,315.6,0.0,0.95,0.00,0.00,None,None,-32.28,4.93,-37.70
46.50,-18.51,1.94,-51.77,351.4,315.6,0.0,0.98,0.00,0.00,None,None,-32.34,4.93,-37.64
46.61,-18.58,1.94,-51.69,351.4,315.6,0.0,1.01,0.00,0.00,None,None,-32.42,4.93,-37.56
46.70,-18.65,1.94,-51.62,351.4,315.6,0.0,1.00,0.00,0.00,None,None,-32.48,4.93,-37.50
46.80,-18.72,1.94,-51.55,351.4,315.6,0.0,0.95,0.00,0.00,None,None,-32.55,4.93,-37.43
46.90,-18.73,1.94,-51.54,351.4,315.6,0.0,0.15,0.00,0.00,None,None,-32.56,4.93,-37.41
47.02,-18.73,1.94,-51.54,351.4,315.6,0.0,0.00,0.00,0.00,None,None,-32.56,4.93,-37.41
47.10,-18.73,1.94,-51.54,351.4,315.6,0.0,0.00,0.00,0.00,None,None,-32.56,4.93,-37.41
47.21,-18.73,1.94,-51.54,351.4,315.6,0.0,0.00,0.00,0.00,None,None,-32.56,4.93,-37.41
47.30,-18.73,1.94,-51.54,351.4,315.6,0.0,0.00,0.00,0.00,None,None,-32.56,4.93,-37.41
47.41,-18.73,1.94,-51.54,351.4,315.6,0.0,0.00,0.00,0.00,None,None,-32.56,4.93,-37.41
47.50,-18.73,1.94,-51.54,351.4,315.6,0.0,0.00,0.00,0.00,None,None,-32.56,4.93,-37.41
47.60,-18.73,1.94,-51.54,351.4,315.6,0.0,0.00,0.00,0.00,None,None,-32.56,4.93,-37.41
47.70,-18.73,1.94,-51.54,351.4,315.6,0.0,0.00,0.00,0.00,None,None,-32.56,4.93,-37.41
47.80,-18.73,1.94,-51.54,351.4,315.6,0.0,0.00,0.00,0.00,None,None,-32.56,4.93,-37.41
47.90,-18.73,1.94,-51.54,351.4,315.6,0.0,0.00,0.00,0.00,None,None,-32.56,4.93,-37.41
48.00,-18.73,1.94,-51.54,351.4,315.6,0.0,0.00,0.00,0.00,None,None,-32.56,4.93,-37.41
48.10,-18.73,1.94,-51.54,351.4,315.6,0.0,0.00,0.00,0.00,None,None,-32.56,4.93,-37.41
48.20,-18.73,1.94,-51.54,351.4,315.6,0.0,0.00,0.00,0.00,None,None,-32.56,4.93,-37.41
48.30,-18.73,1.94,-51.54,351.4,315.6,0.0,0.00,0.00,0.00,None,None,-32.56,4.93,-37.41
48.40,-18.73,1.94,-51.54,351.4,315.6,0.0,0.00,0.00,0.00,None,None,-32.56,4.93,-37.41
48.50,-18.73,1.94,-51.54,351.4,315.6,0.0,0.00,0.00,0.00,None,None,-32.56,4.93,-37.41
48.60,-18.73,1.94,-51.54,351.4,315.6,0.0,0.00,0.00,0.00,None,None,-32.56,4.93,-37.41
48.70,-18.73,1.94,-51.54,351.4,315.6,0.0,0.00,0.00,0.00,None,None,-32.56,4.93,-37.41
48.80,-18.73,1.94,-51.54,351.4,315.6,0.0,0.00,0.00,0.00,None,None,-32.56,4.93,-37.41
48.90,-18.73,1.94,-51.54,351.4,315.6,0.0,0.00,0.00,0.00,None,None,-32.56,4.93,-37.41
48.92,-18.73,1.94,-51.54,351.4,315.6,0.0,,,,ConfusedPromptActivated,None,-32.56,4.93,-37.41
49.00,-18.73,1.94,-51.54,351.4,315.6,0.0,0.00,0.00,0.00,None,None,-32.56,4.93,-37.41
49.10,-18.73,1.94,-51.54,351.4,315.6,0.0,0.00,0.00,0.00,None,None,-32.56,4.93,-37.41
49.20,-18.73,1.94,-51.54,351.4,315.6,0.0,0.00,0.00,0.00,None,None,-32.56,4.93,-37.41
49.30,-18.73,1.94,-51.54,351.4,315.6,0.0,0.00,0.00,0.00,None,None,-32.56,4.93,-37.41
49.40,-18.73,1.94,-51.54,351.4,315.6,0.0,0.00,0.00,0.00,None,None,-32.56,4.93,-37.41
49.50,-18.73,1.94,-51.54,351.4,315.6,0.0,0.00,0.00,0.00,None,None,-32.56,4.93,-37.41
49.60,-18.73,1.94,-51.54,351.4,315.6,0.0,0.00,0.00,0.00,None,None,-32.56,4.93,-37.41
49.70,-18.73,1.94,-51.54,351.4,315.6,0.0,0.00,0.00,0.00,None,None,-32.56,4.93,-37.41
49.80,-18.73,1.94,-51.54,351.4,315.6,0.0,0.00,0.00,0.00,None,None,-32.56,4.93,-37.41
49.90,-18.73,1.94,-51.54,351.4,315.6,0.0,0.00,0.00,0.00,None,None,-32.56,4.93,-37.41
50.00,-18.73,1.94,-51.54,351.4,315.6,0.0,0.00,0.00,0.00,None,None,-32.56,4.93,-37.41
50.10,-18.73,1.94,-51.54,351.4,315.6,0.0,0.00,0.00,0.00,None,None,-32.56,4.93,-37.41
50.20,-18.73,1.94,-51.54,351.4,315.6,0.0,0.00,0.00,0.00,None,None,-32.56,4.93,-37.41
50.30,-18.73,1.94,-51.54,351.4,315.6,0.0,0.00,0.00,0.00,None,None,-32.56,4.93,-37.41
50.40,-18.73,1.94,-51.54,351.4,315.6,0.0,0.00,0.00,0.00,None,None,-32.56,4.93,-37.41
50.50,-18.73,1.94,-51.54,351.4,315.6,0.0,0.00,0.00,0.00,None,None,-32.56,4.93,-37.41
50.60,-18.73,1.94,-51.54,351.4,315.6,0.0,0.00,0.00,0.00,None,None,-32.56,4.93,-37.41
50.70,-18.73,1.94,-51.54,351.4,315.6,0.0,0.00,0.00,0.00,None,None,-32.56,4.93,-37.41
50.80,-18.73,1.94,-51.54,351.4,315.6,0.0,0.00,0.00,0.00,None,None,-32.56,4.93,-37.41
50.90,-18.73,1.94,-51.54,351.4,315.6,0.0,0.00,0.00,0.00,None,None,-32.56,4.93,-37.41
50.92,-18.73,1.94,-51.54,351.4,315.6,0.0,,,,ConfusedPromptActivated,None,-32.56,4.93,-37.41
51.00,-18.73,1.94,-51.54,351.4,315.6,0.0,0.00,0.00,0.00,None,None,-32.56,4.93,-37.41
51.10,-18.73,1.94,-51.54,351.4,315.6,0.0,0.00,0.00,0.00,None,None,-32.56,4.93,-37.41
51.20,-18.73,1.94,-51.54,351.4,315.6,0.0,0.00,0.00,0.00,None,None,-32.56,4.93,-37.41
51.30,-18.73,1.94,-51.54,351.4,315.6,0.0,0.00,0.00,0.00,None,None,-32.56,4.93,-37.41
51.40,-18.73,1.94,-51.54,351.4,315.6,0.0,0.00,0.00,0.00,None,None,-32.56,4.93,-37.41
51.50,-18.73,1.94,-51.54,351.4,315.6,0.0,0.00,0.00,0.00,None,None,-32.56,4.93,-37.41
51.60,-18.73,1.94,-51.54,351.4,315.6,0.0,0.00,0.00,0.00,None,None,-32.56,4.93,-37.41
51.70,-18.73,1.94,-51.54,351.4,315.6,0.0,0.00,0.00,0.00,None,None,-32.56,4.93,-37.41
51.80,-18.73,1.94,-51.54,351.4,315.6,0.0,0.00,0.00,0.00,None,None,-32.56,4.93,-37.41
51.91,-18.73,1.94,-51.54,351.4,315.6,0.0,0.00,0.00,0.00,None,None,-32.56,4.93,-37.41
52.00,-18.73,1.94,-51.54,351.4,315.6,0.0,0.00,0.00,0.00,None,None,-32.56,4.93,-37.41
52.10,-18.73,1.94,-51.54,351.4,315.6,0.0,0.00,0.00,0.00,None,None,-32.56,4.93,-37.41
52.20,-18.73,1.94,-51.54,351.4,315.6,0.0,0.00,0.00,0.00,None,None,-32.56,4.93,-37.41
52.30,-18.73,1.94,-51.54,351.4,315.6,0.0,0.00,0.00,0.00,None,None,-32.56,4.93,-37.41
52.40,-18.73,1.94,-51.54,351.4,315.6,0.0,0.00,0.00,0.00,None,None,-32.56,4.93,-37.41
52.50,-18.73,1.94,-51.54,351.4,315.6,0.0,0.00,0.00,0.00,None,None,-32.56,4.93,-37.41
52.60,-18.73,1.94,-51.54,351.4,315.6,0.0,0.00,0.00,0.00,None,None,-32.56,4.93,-37.41
52.70,-18.73,1.94,-51.54,351.4,315.6,0.0,0.00,0.00,0.00,None,None,-32.56,4.93,-37.41
52.80,-18.73,1.94,-51.54,351.4,315.6,0.0,0.00,0.00,0.00,None,None,-32.56,4.93,-37.41
52.90,-18.73,1.94,-51.54,351.4,315.6,0.0,0.00,0.00,0.00,None,None,-32.56,4.93,-37.41
52.93,-18.73,1.94,-51.54,351.4,315.6,0.0,,,,ConfusedPromptActivated,None,-32.56,4.93,-37.41
53.00,-18.73,1.94,-51.54,351.4,315.6,0.0,0.00,0.00,0.00,None,None,-32.56,4.93,-37.41
53.10,-18.73,1.94,-51.54,351.4,315.6,0.0,0.00,0.00,0.00,None,None,-32.56,4.93,-37.41
53.20,-18.73,1.94,-51.54,351.4,315.6,0.0,0.00,0.00,0.00,None,None,-32.56,4.93,-37.41
53.30,-18.73,1.94,-51.54,351.4,315.6,0.0,0.00,0.00,0.00,None,None,-32.56,4.93,-37.41
53.40,-18.73,1.94,-51.54,351.4,315.6,0.0,0.00,0.00,0.00,None,None,-32.56,4.93,-37.41
53.50,-18.73,1.94,-51.54,351.4,315.6,0.0,0.00,0.00,0.00,None,None,-32.56,4.93,-37.41
53.60,-18.73,1.94,-51.54,351.4,315.6,0.0,0.00,0.00,0.00,None,None,-32.56,4.93,-37.41
53.70,-18.73,1.94,-51.54,351.4,315.6,0.0,0.00,0.00,0.00,None,None,-32.56,4.93,-37.41
53.80,-18.73,1.94,-51.54,351.4,315.6,0.0,0.00,0.00,0.00,None,None,-32.56,4.93,-37.41
53.90,-18.73,1.94,-51.54,351.4,315.6,0.0,0.00,0.00,0.00,None,None,-32.56,4.93,-37.41
54.00,-18.73,1.94,-51.54,351.4,315.6,0.0,0.00,0.00,0.00,None,None,-32.56,4.93,-37.41
54.11,-18.73,1.94,-51.54,351.4,315.6,0.0,0.00,0.00,0.00,None,None,-32.56,4.93,-37.41
54.20,-18.73,1.94,-51.54,351.4,315.6,0.0,0.00,0.00,0.00,None,None,-32.56,4.93,-37.41
54.30,-18.73,1.94,-51.54,351.4,315.6,0.0,0.00,0.00,0.00,None,None,-32.56,4.93,-37.41
54.40,-18.73,1.94,-51.54,351.4,315.6,0.0,0.00,0.00,0.00,None,None,-32.56,4.93,-37.41
54.50,-18.73,1.94,-51.54,351.4,315.6,0.0,0.00,0.00,0.00,None,None,-32.56,4.93,-37.41
54.60,-18.73,1.94,-51.54,351.4,315.6,0.0,0.00,0.00,0.00,None,None,-32.56,4.93,-37.41
54.70,-18.73,1.94,-51.54,351.4,315.6,0.0,0.00,0.00,0.00,None,None,-32.56,4.93,-37.41
54.80,-18.73,1.94,-51.54,351.4,315.6,0.0,0.00,0.00,0.00,None,None,-32.56,4.93,-37.41
54.91,-18.73,1.94,-51.54,351.4,315.6,0.0,0.00,0.00,0.00,None,None,-32.56,4.93,-37.41
54.93,-18.73,1.94,-51.54,351.4,315.6,0.0,,,,ConfusedPromptActivated,None,-32.56,4.93,-37.41
55.00,-18.73,1.94,-51.54,351.4,315.6,0.0,0.00,0.00,0.00,None,None,-32.56,4.93,-37.41
55.10,-18.73,1.94,-51.54,351.4,315.6,0.0,0.00,0.00,0.00,None,None,-32.56,4.93,-37.41
55.21,-18.73,1.94,-51.54,351.4,315.6,0.0,0.00,0.00,0.00,None,None,-32.56,4.93,-37.41
55.30,-18.73,1.94,-51.54,351.4,315.6,0.0,0.00,0.00,0.00,None,None,-32.56,4.93,-37.41
55.40,-18.73,1.94,-51.54,351.4,315.6,0.0,0.00,0.00,0.00,None,None,-32.56,4.93,-37.41
55.52,-18.73,1.94,-51.54,351.4,315.6,0.0,0.00,0.00,0.00,None,None,-32.56,4.93,-37.41
55.62,-18.73,1.94,-51.54,351.4,315.6,0.0,0.00,0.00,0.00,None,None,-32.56,4.93,-37.41
55.70,-18.73,1.94,-51.54,351.4,315.6,0.0,0.00,0.00,0.00,None,None,-32.56,4.93,-37.41
55.81,-18.73,1.94,-51.54,351.4,315.6,0.0,0.00,0.00,0.00,None,None,-32.56,4.93,-37.41
55.90,-18.73,1.94,-51.54,351.4,315.6,0.0,0.00,0.00,0.00,None,None,-32.56,4.93,-37.41
56.01,-18.73,1.94,-51.54,351.4,315.6,0.0,0.00,0.00,0.00,None,None,-32.56,4.93,-37.41
56.10,-18.73,1.94,-51.54,351.4,315.6,0.0,0.00,0.00,0.00,None,None,-32.56,4.93,-37.41
56.20,-18.73,1.94,-51.54,351.4,315.6,0.0,0.00,0.00,0.00,None,None,-32.56,4.93,-37.41
56.31,-18.73,1.94,-51.54,351.4,315.6,0.0,0.00,0.00,0.00,None,None,-32.56,4.93,-37.41
56.40,-18.73,1.94,-51.54,351.4,315.6,0.0,0.00,0.00,0.00,None,None,-32.56,4.93,-37.41
56.50,-18.73,1.94,-51.54,351.4,315.6,0.0,0.00,0.00,0.00,None,None,-32.56,4.93,-37.41
56.61,-18.73,1.94,-51.54,351.4,315.6,0.0,0.00,0.00,0.00,None,None,-32.56,4.93,-37.41
56.70,-18.73,1.94,-51.54,351.4,315.6,0.0,0.00,0.00,0.00,None,None,-32.56,4.93,-37.41
56.80,-18.73,1.94,-51.54,351.4,315.6,0.0,0.00,0.00,0.00,None,None,-32.56,4.93,-37.41
56.90,-18.73,1.94,-51.54,351.4,315.6,0.0,0.00,0.00,0.00,None,None,-32.56,4.93,-37.41
56.94,-18.73,1.94,-51.54,351.4,315.6,0.0,,,,ConfusedPromptActivated,None,-32.56,4.93,-37.41
57.00,-18.73,1.94,-51.54,351.4,315.6,0.0,0.00,0.00,0.00,None,None,-32.56,4.93,-37.41
57.10,-18.73,1.94,-51.54,351.4,315.6,0.0,0.00,0.00,0.00,None,None,-32.56,4.93,-37.41
57.20,-18.73,1.94,-51.54,351.4,315.6,0.0,0.00,0.00,0.00,None,None,-32.56,4.93,-37.41
57.30,-18.73,1.94,-51.54,351.4,315.6,0.0,0.00,0.00,0.00,None,None,-32.56,4.93,-37.41
57.40,-18.73,1.94,-51.54,351.4,315.6,0.0,0.00,0.00,0.00,None,None,-32.56,4.93,-37.41
57.50,-18.73,1.94,-51.54,351.4,315.6,0.0,0.00,0.00,0.00,None,None,-32.56,4.93,-37.41
57.60,-18.73,1.94,-51.54,351.4,315.6,0.0,0.00,0.00,0.00,None,None,-32.56,4.93,-37.41
57.70,-18.73,1.94,-51.54,351.4,315.6,0.0,0.00,0.00,0.00,None,None,-32.56,4.93,-37.41
57.80,-18.73,1.94,-51.54,351.4,315.6,0.0,0.00,0.00,0.00,None,None,-32.56,4.93,-37.41
57.90,-18.73,1.94,-51.54,351.4,315.6,0.0,0.00,0.00,0.00,None,None,-32.56,4.93,-37.41
58.00,-18.73,1.94,-51.54,351.4,315.6,0.0,0.00,0.00,0.00,None,None,-32.56,4.93,-37.41
58.10,-18.73,1.94,-51.54,351.4,315.6,0.0,0.00,0.00,0.00,None,None,-32.56,4.93,-37.41
58.20,-18.73,1.94,-51.54,351.4,315.6,0.0,0.00,0.00,0.00,None,None,-32.56,4.93,-37.41
58.30,-18.73,1.94,-51.54,351.4,315.6,0.0,0.00,0.00,0.00,None,None,-32.56,4.93,-37.41
58.40,-18.73,1.94,-51.54,351.4,315.6,0.0,0.00,0.00,0.00,None,None,-32.56,4.93,-37.41
58.50,-18.73,1.94,-51.54,351.4,315.6,0.0,0.00,0.00,0.00,None,None,-32.56,4.93,-37.41
58.60,-18.73,1.94,-51.54,351.4,315.6,0.0,0.00,0.00,0.00,None,None,-32.56,4.93,-37.41
58.71,-18.73,1.94,-51.54,351.4,315.6,0.0,0.00,0.00,0.00,None,None,-32.56,4.93,-37.41
58.80,-18.73,1.94,-51.54,351.4,315.6,0.0,0.00,0.00,0.00,None,None,-32.56,4.93,-37.41
58.91,-18.73,1.94,-51.54,351.4,315.6,0.0,0.00,0.00,0.00,None,None,-32.56,4.93,-37.41
58.94,-18.73,1.94,-51.54,351.4,315.6,0.0,,,,ConfusedPromptActivated,None,-32.56,4.93,-37.41
59.00,-18.73,1.94,-51.54,351.4,315.6,0.0,0.00,0.00,0.00,None,None,-32.56,4.93,-37.41
59.11,-18.73,1.94,-51.54,351.4,315.6,0.0,0.00,0.00,0.00,None,None,-32.56,4.93,-37.41
59.20,-18.73,1.94,-51.54,351.4,315.6,0.0,0.00,0.00,0.00,None,None,-32.56,4.93,-37.41
59.30,-18.73,1.94,-51.54,351.4,315.6,0.0,0.00,0.00,0.00,None,None,-32.56,4.93,-37.41
59.41,-18.73,1.94,-51.54,351.4,315.6,0.0,0.00,0.00,0.00,None,None,-32.56,4.93,-37.41
59.50,-18.73,1.94,-51.54,351.4,315.6,0.0,0.00,0.00,0.00,None,None,-32.56,4.93,-37.41
59.60,-18.73,1.94,-51.54,351.4,315.6,0.0,0.00,0.00,0.00,None,None,-32.56,4.93,-37.41
59.70,-18.73,1.94,-51.54,351.4,315.6,0.0,0.00,0.00,0.00,None,None,-32.56,4.93,-37.41
59.80,-18.73,1.94,-51.54,351.4,315.6,0.0,0.00,0.00,0.00,None,None,-32.56,4.93,-37.41
59.90,-18.73,1.94,-51.54,351.4,315.6,0.0,0.00,0.00,0.00,None,None,-32.56,4.93,-37.41
60.00,-18.73,1.94,-51.54,351.4,315.6,0.0,0.00,0.00,0.00,None,None,-32.56,4.93,-37.41
60.10,-18.73,1.94,-51.54,351.4,315.6,0.0,0.00,0.00,0.00,None,None,-32.56,4.93,-37.41
60.21,-18.73,1.94,-51.54,351.4,315.6,0.0,0.00,0.00,0.00,None,None,-32.56,4.93,-37.41
60.30,-18.73,1.94,-51.54,351.4,315.6,0.0,0.00,0.00,0.00,None,None,-32.56,4.93,-37.41
60.40,-18.73,1.94,-51.54,351.4,315.6,0.0,0.00,0.00,0.00,None,None,-32.56,4.93,-37.41
60.50,-18.73,1.94,-51.54,351.4,315.6,0.0,0.00,0.00,0.00,None,None,-32.56,4.93,-37.41
60.60,-18.73,1.94,-51.54,351.4,315.6,0.0,0.00,0.00,0.00,None,None,-32.56,4.93,-37.41
60.70,-18.73,1.94,-51.54,351.4,315.6,0.0,0.00,0.00,0.00,None,None,-32.56,4.93,-37.41
60.80,-18.73,1.94,-51.54,351.4,315.6,0.0,0.00,0.00,0.00,None,None,-32.56,4.93,-37.41
60.90,-18.73,1.94,-51.54,351.4,315.6,0.0,0.00,0.00,0.00,None,None,-32.56,4.93,-37.41
60.94,-18.73,1.94,-51.54,351.4,315.6,0.0,,,,ConfusedPromptActivated,None,-32.56,4.93,-37.41
61.00,-18.73,1.94,-51.54,351.4,315.6,0.0,0.00,0.00,0.00,None,None,-32.56,4.93,-37.41
61.11,-18.73,1.94,-51.54,351.4,315.6,0.0,0.00,0.00,0.00,None,None,-32.56,4.93,-37.41
61.20,-18.73,1.94,-51.54,351.4,315.6,0.0,0.00,0.00,0.00,None,None,-32.56,4.93,-37.41
61.31,-18.73,1.94,-51.54,351.4,315.6,0.0,0.00,0.00,0.00,None,None,-32.56,4.93,-37.41
61.40,-18.73,1.94,-51.54,350.0,313.0,0.0,0.00,-28.84,-15.53,None,None,-33.13,5.42,-38.11
61.50,-18.73,1.94,-51.54,350.0,309.4,0.0,0.00,-36.44,0.00,None,None,-33.95,5.42,-39.04
61.60,-18.73,1.94,-51.54,350.0,309.0,0.0,0.00,-3.89,0.00,None,None,-34.03,5.42,-39.15
61.70,-18.73,1.94,-51.54,350.0,309.0,0.0,0.00,0.00,0.00,None,None,-34.03,5.42,-39.15
61.80,-18.73,1.94,-51.54,350.0,309.0,0.0,0.00,0.00,0.00,None,None,-34.03,5.42,-39.15
61.90,-18.73,1.94,-51.54,350.0,309.0,0.0,0.00,0.00,0.00,None,None,-34.03,5.42,-39.15
62.00,-18.73,1.94,-51.54,350.0,309.0,0.0,0.00,0.00,0.00,None,None,-34.03,5.42,-39.15
62.10,-18.73,1.94,-51.54,354.0,309.8,0.0,0.00,7.71,38.53,None,None,-34.01,4.03,-38.81
62.20,-18.73,1.94,-51.54,356.0,310.4,0.0,0.00,6.07,20.22,None,None,-33.92,3.34,-38.61
62.30,-18.73,1.94,-51.54,356.4,310.4,0.0,0.00,0.00,4.02,None,None,-33.93,3.20,-38.61
62.40,-18.73,1.94,-51.54,356.4,310.4,0.0,0.00,0.00,0.00,None,None,-33.93,3.20,-38.61
62.50,-18.73,1.94,-51.54,356.4,310.4,0.0,0.00,0.00,0.00,None,None,-33.93,3.20,-38.61
62.60,-18.73,1.94,-51.54,356.4,310.4,0.0,0.00,0.00,0.00,None,None,-33.93,3.20,-38.61
62.70,-18.73,1.94,-51.54,356.4,310.4,0.0,0.00,0.00,0.00,None,None,-33.93,3.20,-38.61
62.80,-18.73,1.94,-51.54,356.4,310.4,0.0,0.00,0.00,0.00,None,None,-33.93,3.20,-38.61
62.90,-18.73,1.94,-51.54,356.4,310.4,0.0,0.00,0.00,0.00,None,None,-33.93,3.20,-38.61
62.94,-18.73,1.94,-51.54,356.4,310.4,0.0,,,,ConfusedPromptActivated,None,-33.93,3.20,-38.61
63.00,-18.73,1.94,-51.54,356.4,310.4,0.0,0.00,0.00,0.00,None,None,-33.93,3.20,-38.61
63.11,-18.77,1.94,-51.50,356.4,310.4,0.0,0.60,0.00,0.00,None,None,-33.97,3.20,-38.57
63.20,-18.85,1.94,-51.44,356.4,310.4,0.0,1.01,0.00,0.00,None,None,-34.05,3.20,-38.50
63.30,-18.93,1.94,-51.37,356.4,310.4,0.0,1.07,0.00,0.00,None,None,-34.13,3.20,-38.43
63.40,-19.00,1.94,-51.31,356.4,310.4,0.0,1.00,0.00,0.00,None,None,-34.21,3.20,-38.37
63.51,-19.08,1.94,-51.24,356.4,310.4,0.0,0.93,0.00,0.00,None,None,-34.28,3.20,-38.31
63.60,-19.15,1.94,-51.18,356.4,310.4,0.0,1.02,0.00,0.00,None,None,-34.35,3.20,-38.24
63.71,-19.23,1.94,-51.11,356.4,310.4,0.0,1.00,0.00,0.00,None,None,-34.43,3.20,-38.18
63.80,-19.31,1.94,-51.05,356.4,310.4,0.0,1.05,0.00,0.00,None,None,-34.51,3.20,-38.11
63.91,-19.39,1.94,-50.98,356.4,310.4,0.0,0.95,0.00,0.00,None,None,-34.59,3.20,-38.04
64.00,-19.46,1.94,-50.92,356.4,310.4,0.0,1.00,0.00,0.00,None,None,-34.66,3.20,-37.98
64.11,-19.54,1.94,-50.85,356.4,310.4,0.0,1.00,0.00,0.00,None,None,-34.74,3.20,-37.91
64.20,-19.61,1.94,-50.79,356.4,310.4,0.0,1.00,0.00,0.00,None,None,-34.81,3.20,-37.85
64.30,-19.69,1.94,-50.72,356.4,310.4,0.0,1.04,0.00,0.00,None,None,-34.89,3.20,-37.79
64.40,-19.76,1.94,-50.66,356.4,310.4,0.0,0.95,0.00,0.00,None,None,-34.96,3.20,-37.72
64.50,-19.84,1.94,-50.59,356.4,310.4,0.0,1.05,0.00,0.00,None,None,-35.04,3.20,-37.66
64.60,-19.92,1.94,-50.53,356.4,310.4,0.0,0.96,0.00,0.00,None,None,-35.12,3.20,-37.59
64.71,-19.99,1.94,-50.46,356.4,310.4,0.0,0.99,0.00,0.00,None,None,-35.20,3.20,-37.53
64.80,-20.07,1.94,-50.40,356.4,310.4,0.0,1.01,0.00,0.00,None,None,-35.27,3.20,-37.46
64.90,-20.15,1.94,-50.33,356.4,310.4,0.0,1.05,0.00,0.00,None,None,-35.35,3.20,-37.40
65.00,-20.22,1.94,-50.27,356.4,310.4,0.0,0.94,0.00,0.00,None,None,-35.42,3.20,-37.34
65.10,-20.30,1.94,-50.21,356.4,310.4,0.0,1.05,0.00,0.00,None,None,-35.50,3.20,-37.27
65.20,-20.37,1.94,-50.14,356.4,310.4,0.0,0.93,0.00,0.00,None,None,-35.57,3.20,-37.21
65.31,-20.45,1.94,-50.07,356.4,310.4,0.0,1.02,0.00,0.00,None,None,-35.65,3.20,-37.14
65.40,-20.52,1.94,-50.01,356.4,310.4,0.0,0.99,0.00,0.00,None,None,-35.72,3.20,-37.08
65.51,-20.61,1.94,-49.94,356.4,310.4,0.0,0.99,0.00,0.00,None,None,-35.81,3.20,-37.01
65.61,-20.68,1.94,-49.88,356.4,310.4,0.0,1.00,0.00,0.00,None,None,-35.88,3.20,-36.95
65.71,-20.75,1.94,-49.82,356.4,310.4,0.0,1.00,0.00,0.00,None,None,-35.95,3.20,-36.88
65.80,-20.83,1.94,-49.75,356.4,310.4,0.0,1.02,0.00,0.00,None,None,-36.03,3.20,-36.82
65.91,-20.91,1.94,-49.68,356.4,310.4,0.0,1.00,0.00,0.00,None,None,-36.11,3.20,-36.75
66.00,-20.98,1.94,-49.62,356.4,310.4,0.0,1.00,0.00,0.00,None,None,-36.18,3.20,-36.69
66.11,-21.06,1.94,-49.55,356.4,310.4,0.0,1.00,0.00,0.00,None,None,-36.26,3.20,-36.62
66.20,-21.13,1.94,-49.49,356.4,310.4,0.0,0.99,0.00,0.00,None,None,-36.33,3.20,-36.56
66.30,-21.17,1.94,-49.47,356.4,310.4,0.0,0.44,0.00,0.00,None,None,-36.37,3.20,-36.53
66.40,-21.17,1.94,-49.47,356.4,310.4,0.0,0.00,0.00,0.00,None,None,-36.37,3.20,-36.53
66.50,-21.17,1.94,-49.47,356.4,310.4,0.0,0.00,0.00,0.00,None,None,-36.37,3.20,-36.53
66.60,-21.17,1.94,-49.47,356.4,310.4,0.0,0.00,0.00,0.00,None,None,-36.37,3.20,-36.53
66.70,-21.17,1.94,-49.47,356.4,310.4,0.0,0.00,0.00,0.00,None,None,-36.37,3.20,-36.53
66.80,-21.17,1.94,-49.47,356.4,310.4,0.0,0.00,0.00,0.00,None,None,-36.37,3.20,-36.53
66.90,-21.17,1.94,-49.47,356.4,310.4,0.0,0.00,0.00,0.00,None,None,-36.37,3.20,-36.53
67.00,-21.22,1.94,-49.42,356.4,310.4,0.0,0.74,0.00,0.00,None,None,-36.42,3.20,-36.48
67.10,-21.30,1.94,-49.35,356.4,310.4,0.0,1.04,0.00,0.00,None,None,-36.50,3.20,-36.41
67.20,-21.38,1.94,-49.29,356.4,310.4,0.0,1.00,0.00,0.00,None,None,-36.58,3.20,-36.35
67.31,-21.45,1.94,-49.22,356.4,310.4,0.0,0.90,0.00,0.00,None,None,-36.65,3.20,-36.29
67.40,-21.53,1.94,-49.16,356.4,310.4,0.0,1.07,0.00,0.00,None,None,-36.73,3.20,-36.22
67.50,-21.61,1.94,-49.09,356.4,310.4,0.0,1.02,0.00,0.00,None,None,-36.81,3.20,-36.15
67.60,-21.68,1.94,-49.03,356.4,310.4,0.0,0.98,0.00,0.00,None,None,-36.88,3.20,-36.09
67.70,-21.75,1.94,-48.97,356.4,310.4,0.0,0.94,0.00,0.00,None,None,-36.95,3.20,-36.03
67.81,-21.84,1.94,-48.90,356.4,310.4,0.0,1.03,0.00,0.00,None,None,-37.04,3.20,-35.96
67.91,-21.91,1.94,-48.83,356.4,310.4,0.0,1.03,0.00,0.00,None,None,-37.11,3.20,-35.89
68.00,-21.98,1.94,-48.77,356.4,310.4,0.0,0.99,0.00,0.00,None,None,-37.19,3.20,-35.83
68.11,-22.07,1.94,-48.70,356.4,310.4,0.0,1.00,0.00,0.00,None,None,-37.27,3.20,-35.76
68.20,-22.14,1.94,-48.64,356.4,310.4,0.0,1.01,0.00,0.00,None,None,-37.34,3.20,-35.70
68.30,-22.22,1.94,-48.57,356.4,310.4,0.0,1.06,0.00,0.00,None,None,-37.42,3.20,-35.64
68.40,-22.29,1.94,-48.51,356.4,310.4,0.0,0.95,0.00,0.00,None,None,-37.49,3.20,-35.57
68.51,-22.37,1.94,-48.44,356.4,310.4,0.0,1.00,0.00,0.00,None,None,-37.57,3.20,-35.50
68.60,-22.44,1.94,-48.38,356.4,310.4,0.0,1.00,0.00,0.00,None,None,-37.64,3.20,-35.44
68.70,-22.47,1.94,-48.36,356.4,310.4,0.0,0.31,0.00,0.00,None,None,-37.67,3.20,-35.42
68.80,-22.47,1.94,-48.36,356.4,310.4,0.0,0.00,0.00,0.00,None,None,-37.67,3.20,-35.42
68.90,-22.47,1.94,-48.36,356.4,310.4,0.0,0.00,0.00,0.00,None,None,-37.67,3.20,-35.42
69.00,-22.47,1.94,-48.36,356.4,310.4,0.0,0.00,0.00,0.00,None,None,-37.67,3.20,-35.42
69.10,-22.47,1.94,-48.36,356.4,310.4,0.0,0.00,0.00,0.00,None,None,-37.67,3.20,-35.42
69.20,-22.47,1.94,-48.36,356.4,310.4,0.0,0.00,0.00,0.00,None,None,-37.67,3.20,-35.42
69.30,-22.47,1.94,-48.36,356.4,310.4,0.0,0.00,0.00,0.00,None,None,-37.67,3.20,-35.42
69.40,-22.47,1.94,-48.36,356.4,310.4,0.0,0.00,0.00,0.00,None,None,-37.67,3.20,-35.42
69.51,-22.47,1.94,-48.36,356.4,310.4,0.0,0.00,0.00,0.00,None,None,-37.67,3.20,-35.42
69.61,-22.47,1.94,-48.36,356.4,310.4,0.0,0.00,0.00,0.00,None,None,-37.67,3.20,-35.42
69.71,-22.47,1.94,-48.36,356.4,310.4,0.0,0.00,0.00,0.00,None,None,-37.67,3.20,-35.42
69.81,-22.47,1.94,-48.36,356.4,310.4,0.0,0.00,0.00,0.00,None,None,-37.67,3.20,-35.42
69.90,-22.47,1.94,-48.36,356.4,310.4,0.0,0.00,0.00,0.00,None,None,-37.67,3.20,-35.42
70.01,-22.47,1.94,-48.36,356.4,310.4,0.0,0.00,0.00,0.00,None,None,-37.67,3.20,-35.42
70.11,-22.47,1.94,-48.36,356.4,310.4,0.0,0.00,0.00,0.00,None,None,-37.67,3.20,-35.42
70.21,-22.47,1.94,-48.36,356.4,310.4,0.0,0.00,0.00,0.00,None,None,-37.67,3.20,-35.42
70.31,-22.47,1.94,-48.36,356.4,310.4,0.0,0.00,0.00,0.00,None,None,-37.67,3.20,-35.42
70.40,-22.47,1.94,-48.36,356.4,310.4,0.0,0.00,0.00,0.00,None,None,-37.67,3.20,-35.42
70.50,-22.47,1.94,-48.36,356.4,310.4,0.0,0.00,0.00,0.00,None,None,-37.67,3.20,-35.42
70.60,-22.47,1.94,-48.36,356.4,310.4,0.0,0.00,0.00,0.00,None,None,-37.67,3.20,-35.42
70.70,-22.47,1.94,-48.36,356.4,310.4,0.0,0.00,0.00,0.00,None,None,-37.67,3.20,-35.42
70.71,-22.47,1.94,-48.36,356.4,310.4,0.0,,,,ConfusedPromptActivated,None,-37.67,3.20,-35.42
70.81,-22.47,1.94,-48.36,356.4,310.4,0.0,0.00,0.00,0.00,None,None,-37.67,3.20,-35.42
70.92,-22.47,1.94,-48.36,356.4,310.4,0.0,0.00,0.00,0.00,None,None,-37.67,3.20,-35.42
71.02,-10.70,1.94,-67.52,0.0,0.0,0.0,228.32,503.69,36.56,None,None,-10.70,1.94,-47.52
